url,img,title,address,room,square,floor,type,price
https://www.ss.com/msg/lv/real-estate/flats/jurmala/bulduri/nggpk.html,https://i.ss.com/gallery/6/1176/293830/58765851.th2.jpg,"Blueberry projekts ir dzīvojamais komplekss Jūrmalā, klusā u",BulduriMuižas 11,3,104,2/4,Jaun.,325000
https://www.ss.com/msg/lv/real-estate/flats/jurmala/melluzi/aebcd.html,https://i.ss.com/gallery/6/1101/275051/55010057.th2.jpg,Продаётся стильный 3-х этажный таунхаус с продуманной планир,MellužiLiepu 1,3,131,2/3,Jaun.,239000
https://www.ss.com/msg/lv/real-estate/flats/jurmala/bulduri/hgoko.html,https://i.ss.com/gallery/6/1069/267215/53442887.th2.jpg,"Pārdod plašu, gaišu, siltu dzīvokli jaunajā projektā „Dzinta",BulduriAizputes 10A,3,94,4/4,Jaun.,237000
https://www.ss.com/msg/lv/real-estate/flats/jurmala/lielupe/jedgg.html,https://i.ss.com/gallery/6/1161/290049/58009709.th2.jpg,"Эксклюзивная, функциональная, светлая квартира в самом прест",LielupeOskara Kalpaka pr. 8,3,90,2/3,Jaun.,349900
https://www.ss.com/msg/lv/real-estate/flats/jurmala/dzintari/bdpiog.html,https://i.ss.com/gallery/4/790/197406/39481041.th2.jpg,"Первая линия, морская сторона, отличная цена, центр Юрмалы,",DzintariDzintaru pr. 13/15,2,100,1/7,Jaun.,225000
https://www.ss.com/msg/lv/real-estate/flats/jurmala/bulduri/adjhl.html,https://i.ss.com/gallery/6/1176/293759/58751708.th2.jpg,Продается просторная 4-комнатная квартира в Юрмале на проспе,BulduriBulduru pr. 33,4,148,4/4,Jaun.,685000
https://www.ss.com/msg/lv/real-estate/flats/jurmala/asari/bfggon.html,https://i.ss.com/gallery/6/1045/261042/52208218.th2.jpg,"Предлагаем приобрести просторную квартиру в Асари, Юрмала.",AsariAsaru pr. 53,3,137,1/4,Jaun.,240000
https://www.ss.com/msg/lv/real-estate/flats/jurmala/lielupe/bbiogg.html,https://i.ss.com/gallery/6/1144/285855/57170864.th2.jpg,Pārdodu plašu 2 istabu dzīvokli Jūrmalas Marienbādē. Dzīvoja,Lielupe29.līnija 1,2,120,4/7,Jaun.,240000
https://www.ss.com/msg/lv/real-estate/flats/jurmala/kauguri/fomhc.html,https://i.ss.com/gallery/6/1150/287438/57487492.th2.jpg,"Dzīvoklī tikko tika veikts remonts, pēc kura tajā neviens ve",KauguriJurģu 10,2,47,1/5,103,46000
https://www.ss.com/msg/lv/real-estate/flats/jurmala/bulduri/bexxgg.html,https://i.ss.com/gallery/6/1088/271993/54398515.th2.jpg,Lielisks piedāvājums - divistabu dzīvoklis prestižajā Buldur,BulduriJasmīnu 8,2,43,5/5,Specpr.,125000
https://www.ss.com/msg/lv/real-estate/flats/jurmala/lielupe/nmllg.html,https://i.ss.com/gallery/6/1078/269369/53873656.th2.jpg,Предлагаем приобрести квартиру в Лиелупе на ул. Тиклу 11 в п,LielupeTīklu 11,2,67,2/6,Jaun.,189000
https://www.ss.com/msg/lv/real-estate/flats/jurmala/kauguri/hnxdp.html,https://i.ss.com/gallery/6/1140/284849/56969742.th2.jpg,"Pārdodu vai mainu pret 3 istabu. 2 istabu dzīvokli ar ļoti",KauguriEngures 1,2,54,4/5,103,45000
https://www.ss.com/msg/lv/real-estate/flats/jurmala/kauguri/aopbg.html,https://i.ss.com/gallery/6/1034/258457/51691201.th2.jpg,"Продается теплая двухкомнатная, неугловая квартира на втором",KauguriTērbatas 43,2,53,2/5,103,50700
https://www.ss.com/msg/lv/real-estate/flats/jurmala/dubulti/cfmxo.html,https://i.ss.com/gallery/6/1157/289115/57822891.th2.jpg,Хозяин продает. Роскошная теплая с дизайнерским ремонтом сол,DubultiСлокас 65,2,30,2/4,Specpr.,57300
https://www.ss.com/msg/lv/real-estate/flats/jurmala/bulduri/bdmihd.html,https://i.ss.com/gallery/6/1164/290837/58167203.th2.jpg,Pārdodas dzīvokļa īpašums (dzīvoklis) kā kopīpašuma domājamā,BulduriVienības pr. 11-7,1,36,2/2,P. kara,27000
https://www.ss.com/msg/lv/real-estate/flats/jurmala/bulduri/aglnc.html,https://i.ss.com/gallery/4/727/181506/36301005.th2.jpg,"Пентхаус с очаровательным видом на сосны, с большой барбекю-",BulduriJasminu 9,2,59,3/3,Jaun.,159000
https://www.ss.com/msg/lv/real-estate/flats/jurmala/kauguri/emfpc.html,https://i.ss.com/gallery/6/1158/289259/57851756.th2.jpg,"Pārdodu plašu, mājīgu 3-istabu dzīvokli, lieliskā vietā. A",KauguriTallinas 32,3,68,1/5,Specpr.,66000
https://www.ss.com/msg/lv/real-estate/flats/jurmala/kauguri/bgxfk.html,https://i.ss.com/gallery/6/1127/281528/56305472.th2.jpg,"Pārdodu 3 istabu dzīvoklis lieliskā vietā, Kauguri centrā, 1",KauguriTērbatas 41,3,79,3/5,103,63000
https://www.ss.com/msg/lv/real-estate/flats/jurmala/dzintari/bcljmm.html,https://i.ss.com/gallery/4/716/178904/35780706.th2.jpg,Piedāvājam iegādāties plašu 4 guļamistabu dzīvokli ar jumta,DzintariIkšķiles 4,5,343,3/3,Jaun.,950000
https://www.ss.com/msg/lv/real-estate/flats/jurmala/dzintari/nmblj.html,https://i.ss.com/gallery/6/1175/293709/58741790.th2.jpg,"Piedāvājam iegādāties plašu 4 istabu dzīvokli Dzintaros, Dzi",DzintariDzintaru pr. 42,4,131,1/3,Jaun.,585000
https://www.ss.com/msg/lv/real-estate/flats/jurmala/dzintari/ndbnk.html,https://i.ss.com/gallery/6/1097/274010/54801959.th2.jpg,"Jaunais projekts 2022. Kopā 27 dzīvokļi, ar 2 un 3 guļamista",DzintariRīgas 47,3,77,2/3,Jaun.,255850
https://www.ss.com/msg/lv/real-estate/flats/jurmala/kauguri/abkip.html,https://i.ss.com/gallery/6/1109/277025/55404898.th2.jpg,Pārdodam mājīgo 3 istabu dzīvoklī 103. serijā apzaļumota lok,KauguriRaiņa 50,3,68,5/5,103,50000
https://www.ss.com/msg/lv/real-estate/flats/jurmala/kauguri/hbgdk.html,https://i.ss.com/gallery/6/1161/290118/58023565.th2.jpg,"Продаётся уютная квартира в близи от моря. Планировка кв",KauguriTalsu Šoseja 31K8,2,42,5/5,Hrušč.,31500
https://www.ss.com/msg/lv/real-estate/flats/jurmala/majori/bejjd.html,https://i.ss.com/gallery/6/1077/269075/53814833.th2.jpg,"Pārdod penthaouse dzīvokli ar terasi ekskluzīvā jaunbūvē, Ma",MajoriViktorijas 16 8,4,211,3/3,Jaun.,680000
https://www.ss.com/msg/lv/real-estate/flats/jurmala/dzintari/honin.html,https://i.ss.com/gallery/6/1139/284532/56906295.th2.jpg,"Продают , Jūrmala, Dzintari. Продаётся большая, светлая квар",DzintariMeža pr. 1,3,166,5/10,Jaun.,465000
https://www.ss.com/msg/lv/real-estate/flats/jurmala/dubulti/dpppj.html,https://i.ss.com/gallery/6/1080/269795/53958849.th2.jpg,Pārdodu saulainu dzīvokli labā vietā ar skatu uz upi. Divas,DubultiSlokas 29,2,53,3/5,103,73000
https://www.ss.com/msg/lv/real-estate/flats/jurmala/dubulti/cbnnmm.html,https://i.ss.com/gallery/6/1162/290334/58066724.th2.jpg,Собственник продает уютную однокомнатную квартиру у моря в с,DubultiSlokas 29,1,35,3/4,103,55900
https://www.ss.com/msg/lv/real-estate/flats/jurmala/jaundubulti/llehc.html,https://i.ss.com/gallery/6/1025/256008/51201415.th2.jpg,Pārdošanā tiek piedāvāts jauns piecu istabu dzīvoklis pirmaj,JaundubultiAmatas 1,5,170,2/4,Jaun.,370000
https://www.ss.com/msg/lv/real-estate/flats/jurmala/lielupe/afxff.html,https://i.ss.com/gallery/5/845/211114/42222685.th2.jpg,Pārdod divistabu dzīvokli klusā un zaļā rajonā. Tikai 5 minū,LielupeMeža pr. 62,2,50,3/4,Specpr.,75000
https://www.ss.com/msg/lv/real-estate/flats/jurmala/dzintari/aammg.html,https://i.ss.com/gallery/6/1145/286130/57225820.th2.jpg,"Продается уютная, светлая, трех комнатная квартира в Дзинтар",DzintariTuraidas 71,3,73,1/4,Jaun.,148000
https://www.ss.com/msg/lv/real-estate/flats/jurmala/bulduri/afpxi.html,https://i.ss.com/gallery/6/1101/275233/55046536.th2.jpg,"Trīs guļamistabas, galvenā guļamistaba ar savu vannas istabu",BulduriMeža pr. 12 k1 1,4,126,1/2,Specpr.,341000
https://www.ss.com/msg/lv/real-estate/flats/jurmala/melluzi/adgcx.html,https://i.ss.com/gallery/6/1132/282851/56570116.th2.jpg,Pārdodu divistabu dzīvokli jaunbūve blakus jūrai. Cenā ir ie,MellužiKanalu 9,2,72,2/3,Jaun.,160000
https://www.ss.com/msg/lv/real-estate/flats/jurmala/lielupe/gxxon.html,https://i.ss.com/gallery/6/1045/261042/52208345.th2.jpg,Предлагаем приобрести квартиру с видом на сосновый парк в Ли,LielupeMežotnes 2,3,119,2/3,Jaun.,340000
https://www.ss.com/msg/lv/real-estate/flats/jurmala/majori/ieknh.html,https://i.ss.com/gallery/6/1174/293454/58690721.th2.jpg,"Steidzami pārdodu dzīvokli Majoros, Lielupes krastā. Blaku",MajoriRīgas 4,2,28,2/2,P. kara,22500
https://www.ss.com/msg/lv/real-estate/flats/jurmala/bulduri/mnobm.html,https://i.ss.com/gallery/6/1052/262934/52586697.th2.jpg,"Продаю квартиру на первой линии от моря. По планировке: пр",BulduriБулдуру проспект 52,3,87,3/3,Jaun.,312120
https://www.ss.com/msg/lv/real-estate/flats/jurmala/dzintari/mkfmb.html,https://i.ss.com/gallery/5/965/241233/48246574.th2.jpg,Новый проект – сдан в эксплуатацию в 2022 году. Квартира в п,DzintariRīgas 47,3,80,3/3,Jaun.,263900
https://www.ss.com/msg/lv/real-estate/flats/jurmala/kauguri/cjgfc.html,https://i.ss.com/gallery/6/1174/293418/58683518.th2.jpg,"Pārdod 4-istabu dzīvokli, Visas istabas izolētas. Zeme īpašu",KauguriRaiņa 79,4,77,3/9,467,67000
https://www.ss.com/msg/lv/real-estate/flats/jurmala/dzintari/gxmin.html,https://i.ss.com/gallery/6/1134/283393/56678565.th2.jpg,Dzīvoklis sastāv no divām guļamistabām un lielas viesistabas,DzintariTuraidas 110,3,93,2/4,Jaun.,158000
https://www.ss.com/msg/lv/real-estate/flats/jurmala/dzintari/iggii.html,https://i.ss.com/gallery/6/1124/280765/56152813.th2.jpg,"Продаю красивую, светлую, 3 комнатную квартиру в самом центр",DzintariDzintaru pr. 50,3,107,2/3,Jaun.,520001
https://www.ss.com/msg/lv/real-estate/flats/jurmala/lielupe/cbjep.html,https://i.ss.com/gallery/6/1145/286020/57203955.th2.jpg,"Tiek piedāvāts eksluzīvs dzīvoklis ar terasi, no kuras paver",LielupeTīklu 11,3,133,2/5,Jaun.,475000
https://www.ss.com/msg/lv/real-estate/flats/jurmala/dubulti/fndip.html,https://i.ss.com/gallery/6/1076/268758/53751545.th2.jpg,"Jūrmala, Dubultu prospektā pārdod 4 istabu dzīvokli ar kopēj",DubultiDubultu pr. 48a,4,188,1/2,Jaun.,285000
https://www.ss.com/msg/lv/real-estate/flats/jurmala/bulduri/dildc.html,https://i.ss.com/gallery/6/1174/293366/58673130.th2.jpg,"Iespējama nomaksa. Iekļautas mēbeles, tehnika un iekārtojums",BulduriRēzeknes pulka 26,3,71,3/4,Specpr.,120000
https://www.ss.com/msg/lv/real-estate/flats/jurmala/lielupe/fglib.html,https://i.ss.com/gallery/6/1174/293337/58667379.th2.jpg,Продается элегантная трехкомнатная квартира в классическом с,LielupeMežotnes 2,3,100,2/4,Jaun.,270000
https://www.ss.com/msg/lv/real-estate/flats/jurmala/dzintari/mmock.html,https://i.ss.com/gallery/6/1174/293325/58664929.th2.jpg,"Продаётся светлая уютная квартира на 1 этаже, площадь 63м. В",DzintariLapu 3,2,63,1/2,P. kara,67000
https://www.ss.com/msg/lv/real-estate/flats/jurmala/dzintari/bdjkjn.html,https://i.ss.com/gallery/6/1151/287608/57521587.th2.jpg,Продаем меблированную 3-х комнатную квартиру в современном п,DzintariDzintaru pr. 64,3,92,3/4,Jaun.,305000
https://www.ss.com/msg/lv/real-estate/flats/jurmala/kauguri/bmnli.html,https://i.ss.com/gallery/6/1174/293284/58656721.th2.jpg,Продается трехкомнатная квартира на втором этаже с большим п,KauguriTerbatas 31a,3,67,2/5,Specpr.,150000
https://www.ss.com/msg/lv/real-estate/flats/jurmala/dubulti/hbkjc.html,https://i.ss.com/gallery/6/1127/281675/56334822.th2.jpg,"Dzīvoklis jaunajā projektā pirmajā līnijā, 1 minūtes pastaig",DubultiZigfrīda Meierovica 11,3,82,1/2,Jaun.,209000
https://www.ss.com/msg/lv/real-estate/flats/jurmala/jaundubulti/bexhgf.html,https://i.ss.com/gallery/5/914/228495/45698815.th2.jpg,На продажу предлагается мебелированная квартира (статус - кв,JaundubultiStrēlnieku pr. 50,3,88,1/4,Jaun.,295000
https://www.ss.com/msg/lv/real-estate/flats/jurmala/kauguri/dcegp.html,https://i.ss.com/gallery/6/1173/293242/58648315.th2.jpg,Pārdošanā nonācis plašs vienistabas dzīvoklis Kauguros. Dzīv,KauguriTallinas 9,1,39,4/5,M. ģim.,25000
https://www.ss.com/msg/lv/real-estate/flats/jurmala/kauguri/egxgm.html,https://i.ss.com/gallery/6/1164/290912/58182215.th2.jpg,"Ainaviskā vietā, piejūrās, zaļā rajonā, pārdodas dzīvoklis ķ",KauguriRaiņa 83,2,47,4/5,Specpr.,32000
https://www.ss.com/msg/lv/real-estate/flats/jurmala/bulduri/jgojb.html,https://i.ss.com/gallery/6/1168/291793/58358554.th2.jpg,"Мечта жить красиво исполняется сейчас. К продаже предлаг",BulduriSaldus 5,3,60,6/6,103,109000
https://www.ss.com/msg/lv/real-estate/flats/jurmala/bulluciems/lngdx.html,https://i.ss.com/gallery/6/1144/285831/57166150.th2.jpg,Pārdod gaišu studio tipa dzīvokli ar atsevišķi atdalītu guļa,BuļļuciemsLašu 7,2,43,1/3,Specpr.,98000
https://www.ss.com/msg/lv/real-estate/flats/jurmala/dzintari/bdokep.html,https://i.ss.com/gallery/5/955/238602/47720266.th2.jpg,"Jūrmalā, projektā ''Dzintaru Pērle'', augstas klases dzīvokl",DzintariRīgas 47,3,73,1/3,Jaun.,256200
https://www.ss.com/msg/lv/real-estate/flats/jurmala/bulduri/nichc.html,https://i.ss.com/gallery/5/968/241832/48366243.th2.jpg,"Добро пожаловать в прекрасную квартиру в новом проекте ""Фрег",BulduriMeža pr. 19,3,158,2/3,Jaun.,490000
https://www.ss.com/msg/lv/real-estate/flats/jurmala/dubulti/ibihj.html,https://i.ss.com/gallery/6/1143/285697/57139239.th2.jpg,Pārdod lielisku apartamentu Jūrmalā ar visām ērtībām un tuvu,DubultiDubultu pr. 33,4,127,2/3,Jaun.,260000
https://www.ss.com/msg/lv/real-estate/flats/jurmala/lielupe/bxpfbe.html,https://i.ss.com/gallery/6/1156/288902/57780334.th2.jpg,Pārdod gaumīgu 2 istabu dzīvokli starp Bulduriem un Lielupi.,LielupeRēzeknes Pulka 17,2,54,02/05/24,Specpr.,119000
https://www.ss.com/msg/lv/real-estate/flats/jurmala/bulduri/ejnki.html,https://i.ss.com/gallery/6/1033/258060/51611803.th2.jpg,Продаю четырёхкомнатную квартиру на первой линии от моря.,BulduriВидус проспект 51,4,109,02/03/24,Jaun.,358710
https://www.ss.com/msg/lv/real-estate/flats/jurmala/bulduri/gxgxo.html,https://i.ss.com/gallery/5/917/229222/45844234.th2.jpg,"В продаже трёхкомнатная просторная квартира с ремонтом, мебе",BulduriVienibas pr. 20,3,75,02/03/24,Jaun.,214000
https://www.ss.com/msg/lv/real-estate/flats/jurmala/kauguri/aenme.html,https://i.ss.com/gallery/6/1173/293129/58625637.th2.jpg,"Samazināta cena. Tikai pastaigas attālumā no Jūras, saulains",KauguriTallinas 11,1,38,03/05/24,Specpr.,42790
https://www.ss.com/msg/lv/real-estate/flats/jurmala/dzintari/mlcdb.html,https://i.ss.com/gallery/6/1141/285241/57048181.th2.jpg,В продаже трёхкомнатная квартира в элитном проекте Турайдас,DzintariTuraidas 17,3,96,02/04/24,Jaun.,275000
https://www.ss.com/msg/lv/real-estate/flats/jurmala/dzintari/ighhi.html,https://i.ss.com/gallery/5/965/241233/48246574.th2.jpg,Новый проект Dzintaru Pērle – сдан в эксплуатацию в 2022 год,DzintariRīgas 47,3,79,02/03/24,Jaun.,262000
https://www.ss.com/msg/lv/real-estate/flats/jurmala/bulduri/ndmpx.html,https://i.ss.com/gallery/6/1052/262797/52559223.th2.jpg,"Pārdod divstāvīgu trīs istabu dzīvokli Bulduros. Dzīvokļa",BulduriBrīvības pr. 104,3,75,03/03/24,Specpr.,149000
https://www.ss.com/msg/lv/real-estate/flats/jurmala/kauguri/gglbk.html,https://i.ss.com/gallery/6/1170/292428/58485466.th2.jpg,"Pārdodu 1istabas dzīvokli ar izpirkumu Kauguru centrā, vidus",KauguriSkolas 16 70,1,39,05/05/24,Renov.,21000
https://www.ss.com/msg/lv/real-estate/flats/jurmala/kauguri/ahhxx.html,https://i.ss.com/gallery/6/1173/293064/58612795.th2.jpg,"Продаю квартиру с хорошим ремонтом, делали для себя, с нотка",KauguriSkolas 65v,1,38,01/09/24,602,60000
https://www.ss.com/msg/lv/real-estate/flats/jurmala/kauguri/bliff.html,https://i.ss.com/gallery/6/1159/289678/57935501.th2.jpg,"Продается квартира 53, 2 м2, на 3 этаже, в одном из последни",KauguriTerbatas 43,2,53,03/05/24,103,60900
https://www.ss.com/msg/lv/real-estate/flats/jurmala/majori/bjepp.html,https://i.ss.com/gallery/6/1138/284377/56875323.th2.jpg,"Lielisks dzīvokļa piedāvājums Jūrmalā, Majoros, ar skatu uz",MajoriTeātra 67A,1,58,03/03/24,Jaun.,124000
https://www.ss.com/msg/lv/real-estate/flats/jurmala/lielupe/depbk.html,https://i.ss.com/gallery/6/1153/288113/57622507.th2.jpg,"Продаю трехкомнатную, квартиру с террасой в Юрмале, район Ли",LielupeOskara Kalpaka 6,3,77,01/03/24,Jaun.,250000
https://www.ss.com/msg/lv/real-estate/flats/jurmala/asari/bghxol.html,https://i.ss.com/gallery/6/1173/293034/58606660.th2.jpg,"Абсолютно новые апартаменты на берегу моря в Юрмале. Про",AsariDzimtenes 1,3,140,02/04/24,Jaun.,800000
https://www.ss.com/msg/lv/real-estate/flats/jurmala/dzintari/bdpipk.html,https://i.ss.com/gallery/6/1074/268404/53680686.th2.jpg,"Tiek pārdots patiesi plašs un ērts dzīvoklis Dzintaros, šis",DzintariMadonas 5,2,96,01/04/24,Jaun.,275000
https://www.ss.com/msg/lv/real-estate/flats/jurmala/dzintari/mkpog.html,https://i.ss.com/gallery/6/1160/289777/57955205.th2.jpg,Lat/rus/ Attīstītājs piedāvā augstvērtīga dizaina apartament,DzintariMežaparka pr. 10,2,79,01/02/24,Jaun.,239870
https://www.ss.com/msg/lv/real-estate/flats/jurmala/dzintari/mldlg.html,https://i.ss.com/gallery/6/1067/266703/53340539.th2.jpg,"Lat:rus: Attīstītājs piedāvā augstvērtīga dizaina apartame",DzintariMežaparka pr. 10,3,105,02/02/24,Jaun.,376520
https://www.ss.com/msg/lv/real-estate/flats/jurmala/lielupe/dioxg.html,https://i.ss.com/gallery/6/1099/274679/54935732.th2.jpg,"Saulains 3 istabu dzīvoklis unikālā vietā pie upes, blakus p",LielupeLašu 5,3,82,01/05/24,Specpr.,110000
https://www.ss.com/msg/lv/real-estate/flats/jurmala/bulluciems/akibg.html,https://i.ss.com/gallery/6/1099/274679/54935732.th2.jpg,"Sveigs remonts - praktiski nav bijis apdzīvots, nav bijis iz",BuļļuciemsLašu 5,3,82,01/05/24,Specpr.,110000
https://www.ss.com/msg/lv/real-estate/flats/jurmala/kauguri/expxp.html,https://i.ss.com/gallery/6/1083/270506/54101200.th2.jpg,Pārdodu pilnībā mēbelētu dzīvokli zemi komunālie maksājumi.,KauguriTalinas 9,1,38,01/04/24,Specpr.,29500
https://www.ss.com/msg/lv/real-estate/flats/jurmala/bulduri/bbefl.html,https://i.ss.com/gallery/6/1083/270587/54117259.th2.jpg,"Dzīvoklis renovētā mājā, parkets, lieliska vieta pretim Face",BulduriBulduru 37,2,45,01/03/24,Renov.,139000
https://www.ss.com/msg/lv/real-estate/flats/jurmala/asari/bfgpbd.html,https://i.ss.com/gallery/6/1172/292960/58591973.th2.jpg,Личная терраса 40 м2. Солнечная сторона. Идеальное состояние,AsariAsaru pr. 53,3,99,01/04/24,Jaun.,230000
https://www.ss.com/msg/lv/real-estate/flats/jurmala/dzintari/nxmgg.html,https://i.ss.com/gallery/6/1172/292936/58587090.th2.jpg,"Турайдский квартал, квартирная собственность. Продажа от соб",DzintariTuraides 17,3,81,04/01/24,Jaun.,285000
https://www.ss.com/msg/lv/real-estate/flats/jurmala/bulduri/dpopi.html,https://i.ss.com/gallery/6/1172/292941/58588093.th2.jpg,"Продается светлая, 3-ех комнатная квартира, в отличном месте",BulduriVienibas pr. 20,3,50,01/03/24,Jaun.,180000
https://www.ss.com/msg/lv/real-estate/flats/jurmala/sloka/jmjje.html,https://i.ss.com/gallery/6/1107/276732/55346389.th2.jpg,"Divistabu dzīvoklis Kūdrā ar krāsns apkuri, ūdens un kanaliā",SlokaVecais ceļš 9,2,44,02/02/24,P. kara,21000
https://www.ss.com/msg/lv/real-estate/flats/jurmala/dzintari/jbnkj.html,https://i.ss.com/gallery/6/1091/272612/54522265.th2.jpg,"Jūrmalā, jaunajā projektā ''Dzintaru Pērle'', augstas klases",DzintariRīgas 47,4,104,02/03/24,Jaun.,338800
https://www.ss.com/msg/lv/real-estate/flats/jurmala/sloka/hlego.html,https://i.ss.com/gallery/6/1121/280015/56002853.th2.jpg,Īpašnieks pārdod dzīvokli,Sloka39 14,1,25,05/05/24,Hrušč.,19500
https://www.ss.com/msg/lv/real-estate/flats/jurmala/kauguri/cpoid.html,https://i.ss.com/gallery/6/1086/271401/54280051.th2.jpg,Pārdodu 3 istabas dzīvoklis ērtā vietā - blakus Kauguru tirg,KauguriNometņu 9,3,81,04/05/24,103,70000
https://www.ss.com/msg/lv/real-estate/flats/jurmala/dzintari/mkhde.html,https://i.ss.com/gallery/6/1064/265932/53186208.th2.jpg,Продается отличная квартира с видом на море с большой террас,DzintariDzintaru pr. 39,2,91,02/03/24,Jaun.,390000
https://www.ss.com/msg/lv/real-estate/flats/jurmala/other/ejnbp.html,https://i.ss.com/gallery/6/1113/278113/55622544.th2.jpg,"300 m no jūras dzīvoklis Ķesterciemā, Albatross, Engures pag",Ķesterciems Engure 2,2,57,02/03/24,Specpr.,67777
https://www.ss.com/msg/lv/real-estate/flats/jurmala/lielupe/ghcnf.html,https://i.ss.com/gallery/6/1159/289656/57931154.th2.jpg,В тихой части Юрмалы продается отличная просторная квартира,Lielupe29. līnija 1,3,240,06/06/24,Specpr.,570000
https://www.ss.com/msg/lv/real-estate/flats/jurmala/kauguri/bixpp.html,https://i.ss.com/gallery/6/1146/286358/57271412.th2.jpg,"Pārdod saulainu, gaišu 2 istabu dzīvokli, divstāvu ķieģeļu ē",KauguriArtilērijas 8,2,48,02/02/24,Hrušč.,40000
https://www.ss.com/msg/lv/real-estate/flats/jurmala/kauguri/bxoej.html,https://i.ss.com/gallery/6/1140/284856/56971191.th2.jpg,"Pārdodu 3-istabu dzīvokli Jūrmalā. Dzīvoklis plašs, gaišs,",KauguriNometņu 11,3,78,05/05/24,103,68000
https://www.ss.com/msg/lv/real-estate/flats/jurmala/jaundubulti/beolfj.html,https://i.ss.com/gallery/6/1104/275975/55194882.th2.jpg,Moderns 2 istabu dzīvoklis Jūrmalā. Ēkas izsmalcinātais veid,JaundubultiKrišjāna Valdemāra 13,2,37,02/02/24,Renov.,106000
https://www.ss.com/msg/lv/real-estate/flats/jurmala/jaundubulti/beolei.html,https://i.ss.com/gallery/6/1104/275974/55194675.th2.jpg,Moderns dzīvoklis Jūrmalā. Ēkas izsmalcinātais veidols lieli,JaundubultiKrišjāna Valdemāra 13,2,42,02/02/24,Renov.,123000
https://www.ss.com/msg/lv/real-estate/flats/jurmala/jaundubulti/kfxde.html,https://i.ss.com/gallery/6/1104/275974/55194675.th2.jpg,Pārdod modernu divistabu dzīvokli ar pilnu iekšējo apdari. Ē,JaundubultiKrišjāna Valdemāra 13,2,37,01/03/24,Renov.,98000
https://www.ss.com/msg/lv/real-estate/flats/jurmala/dzintari/bdpipx.html,https://i.ss.com/gallery/6/1161/290060/58012000.th2.jpg,"Elitārā projektā, pašā Jūrmalas sirdī blakus Dzintaru mežapa",DzintariMadonas 5,4,253,02/04/24,Jaun.,750000
https://www.ss.com/msg/lv/real-estate/flats/jurmala/kauguri/cjbho.html,https://i.ss.com/gallery/6/1128/281821/56364071.th2.jpg,Продаю 2-комнатную квартиру. 2 изолированные комнаты. Стекло,KauguriSkolas 57,2,46,04/05/24,Hrušč.,31000
https://www.ss.com/msg/lv/real-estate/flats/jurmala/bulduri/bdokgb.html,https://i.ss.com/gallery/6/1095/273749/54749604.th2.jpg,"Pārdod tikko remontētu penthaus tipa dzīvokli Jūrmalā, Buldu",BulduriVienības pr. 34,4,169,04/03/24,Jaun.,395000
https://www.ss.com/msg/lv/real-estate/flats/jurmala/asari/bcppge.html,https://i.ss.com/gallery/6/1091/272682/54536332.th2.jpg,Продается 3-х комнатная квартира с площадью 128м2 станет отл,AsariDzimtenes 13,3,128,03/03/24,Jaun.,260000
https://www.ss.com/msg/lv/real-estate/flats/jurmala/bulduri/cfnbe.html,https://i.ss.com/gallery/6/1121/280071/56014198.th2.jpg,"Pārdošanā saulains mansarda dzīvoklis renovētā namā, priežu",BulduriRēzeknes Pulka 5,4,113,03/03/24,Renov.,279000
https://www.ss.com/msg/lv/real-estate/flats/jurmala/dubulti/hfdmg.html,https://i.ss.com/gallery/6/1169/292204/58440759.th2.jpg,"Pārdod svaigu, tikko kapitāli izremontētu divistabu dzīvokli",DubultiDubultu Prospekts 24,2,62,03/04/24,P. kara,135000
https://www.ss.com/msg/lv/real-estate/flats/jurmala/bulduri/ccmbh.html,https://i.ss.com/gallery/6/1172/292757/58551364.th2.jpg,"Заходи и живи. Низкие коммунальные платежи. Оплата по",BulduriVienības 9,2,44,01/02/24,Specpr.,120000
https://www.ss.com/msg/lv/real-estate/flats/jurmala/lielupe/jnedi.html,https://i.ss.com/gallery/6/1163/290734/58146638.th2.jpg,"Жить тут предпочитают те, кто ищет гармонии и удовольствий н",LielupeTērvetes 6,6,220,01/04/24,Jaun.,515000
https://www.ss.com/msg/lv/real-estate/flats/jurmala/dzintari/bdpioh.html,https://i.ss.com/gallery/6/1015/253717/50743337.th2.jpg,"200 шагов до моря и 5 минут до к/з Дзинтари. Хотите жить",DzintariDzintaru pr. 28,3,125,01/04/24,Jaun.,384900
https://www.ss.com/msg/lv/real-estate/flats/jurmala/dzintari/nkgdk.html,https://i.ss.com/gallery/5/974/243435/48686972.th2.jpg,Мебелированная квартира в 200 шагах от моря в самом востребо,DzintariDzintaru pr. 26,2,97,02/04/24,Jaun.,525000
https://www.ss.com/msg/lv/real-estate/flats/jurmala/bulduri/kfmjf.html,https://i.ss.com/gallery/6/1167/291595/58318987.th2.jpg,Tiek pārdots ļoti jauks dzīvoklis Bulduru centrā. Divistabu,BulduriJelgavas 3,2,49,03/04/24,LT proj.,97800
https://www.ss.com/msg/lv/real-estate/flats/jurmala/kauguri/gfphb.html,https://i.ss.com/gallery/6/1096/273804/54760683.th2.jpg,"Pārdod 2-istabu dzīvokli Jūrmalā. Dzīvoklis ir parasta stā",KauguriJurģu 5,2,52,04/05/24,103,41000
https://www.ss.com/msg/lv/real-estate/flats/jurmala/kauguri/aigxc.html,https://i.ss.com/gallery/5/967/241544/48308706.th2.jpg,"Pardod 4-istabas kapitāli izremontētu dzīvokli Kauguros, cen",KauguriTallinas 40,4,78,03/09/24,602,82000
https://www.ss.com/msg/lv/real-estate/flats/jurmala/kauguri/bdpxp.html,https://i.ss.com/gallery/6/1103/275636/55127166.th2.jpg,"Pārdod 3-istabu dzīvokli Jūrmalā. Dzīvoklis ir labā stāvok",KauguriSkolas 28,3,79,04/05/24,103,65000
https://www.ss.com/msg/lv/real-estate/flats/jurmala/kauguri/dokjj.html,https://i.ss.com/gallery/6/1158/289317/57863259.th2.jpg,"Pārdod 2 istabas dzīvokli ar mājīgu izkārtojumu. Dzīvoklis",KauguriSkolas 28,2,54,05/05/24,103,39000
https://www.ss.com/msg/lv/real-estate/flats/jurmala/melluzi/hlffk.html,https://i.ss.com/gallery/6/1171/292711/58542133.th2.jpg,"Plašs un gaišs divistabu dzīvoklis Jūrmalā, Mellužos ir jaun",MellužiKanālu 9,2,71,02/03/24,Jaun.,160000
https://www.ss.com/msg/lv/real-estate/flats/jurmala/kauguri/bbjxl.html,https://i.ss.com/gallery/6/1097/274177/54835321.th2.jpg,Срочно. Хозяин продает очаровательную 3-комнатная квартиру,KauguriSkolas 57a,3,56,02/05/24,Hrušč.,44900
https://www.ss.com/msg/lv/real-estate/flats/jurmala/bulduri/fxdki.html,https://i.ss.com/gallery/6/1150/287335/57466857.th2.jpg,"3-х комнатная квартира с двумя санузлами и барбекю-террасой,",Bulduri2.līnija 6,3,88,02/03/24,Jaun.,259000
https://www.ss.com/msg/lv/real-estate/flats/jurmala/bulduri/nblgx.html,https://i.ss.com/gallery/6/1171/292684/58536673.th2.jpg,"Tiek pārdots izremontēts, omulīgs, skaists divistabu dzīvokl",BulduriJelgavas 3,2,48,02/04/24,LT proj.,95000
https://www.ss.com/msg/lv/real-estate/flats/jurmala/dzintari/aehne.html,https://i.ss.com/gallery/5/939/234619/46923746.th2.jpg,"Pardošanā 1-istabas dzīvoklis, kas atrodas lieliskā augstas",DzintariMežaparka pr. 10,1,30,02/05/24,Jaun.,97900
https://www.ss.com/msg/lv/real-estate/flats/jurmala/bulduri/aeclp.html,https://i.ss.com/gallery/6/1073/268170/53633840.th2.jpg,"К продаже предлагается квартира в новом проекте ""Elegia"" в с",BulduriVidus pr. 51,4,109,02/03/24,Jaun.,358710
https://www.ss.com/msg/lv/real-estate/flats/jurmala/lielupe/bxmmfb.html,https://i.ss.com/gallery/6/1158/289288/57857472.th2.jpg,Tiek pārdots elegants un plašs studio tipa dzīvoklis jaunajā,Lielupe29 linija 1,2,100,01/06/24,Jaun.,250000
https://www.ss.com/msg/lv/real-estate/flats/jurmala/dzintari/aedem.html,https://i.ss.com/gallery/6/1171/292669/58533666.th2.jpg,Застройщик предлагает 4-х комнатные апартаменты в аренду с п,DzintariMežaparka pr. 1,4,147,06/08/24,Jaun.,370000
https://www.ss.com/msg/lv/real-estate/flats/jurmala/kauguri/aodcl.html,https://i.ss.com/gallery/6/1171/292670/58533904.th2.jpg,"Продается квартира в центре Каугури. Море близко, рядом мага",KauguriSkolas 69A 45,1,39,04/05/24,M. ģim.,37500
https://www.ss.com/msg/lv/real-estate/flats/jurmala/lielupe/binic.html,https://i.ss.com/gallery/6/1158/289446/57889027.th2.jpg,Pārdodas apartamenti mūsdienīgā ēkā Lielupes krastā. Apartam,LielupeTīklu 11,5,266,03/05/24,Jaun.,790000
https://www.ss.com/msg/lv/real-estate/flats/jurmala/asari/hjobd.html,https://i.ss.com/gallery/6/1171/292658/58531585.th2.jpg,Продается 2 -х комнатная квартира рядом с морем (дача - летн,AsariDzelzcela 25,2,51,01/02/24,Specpr.,65000
https://www.ss.com/msg/lv/real-estate/flats/jurmala/asari/bfxpde.html,https://i.ss.com/gallery/6/1136/283978/56795494.th2.jpg,Pārdodam 3 istabu dzīvokli 200m no jūras ar lielu privāto pi,AsariVēju 5,3,83,01/01/24,Jaun.,268000
https://www.ss.com/msg/lv/real-estate/flats/jurmala/pumpuri/bdnffp.html,https://i.ss.com/gallery/6/1024/255865/51172813.th2.jpg,"Vieta, kur gaiss ir piesātināts ar jūru un priedēm-Studi",PumpuriStrēlnieku pr. 74,4,138,02/03/24,Jaun.,420000
https://www.ss.com/msg/lv/real-estate/flats/jurmala/asari/jdbld.html,https://i.ss.com/gallery/6/1145/286001/57200157.th2.jpg,Ipasnieks pardod dzivikli 1.linija,AsariKāpu 95,2,70,03/03/24,Specpr.,180000
https://www.ss.com/msg/lv/real-estate/flats/jurmala/asari/bfkkic.html,https://i.ss.com/gallery/6/1145/286001/57200190.th2.jpg,Ipasnieks pardod dzivokli 1. linijā.,AsariKāpu 95,3,100,02/03/24,Specpr.,240000
https://www.ss.com/msg/lv/real-estate/flats/jurmala/majori/ichkh.html,https://i.ss.com/gallery/6/1134/283393/56678565.th2.jpg,Dzīvoklis sastāv no divām guļamistabām un lielas viesistabas,MajoriTuraidas 110,3,93,02/04/24,Jaun.,158000
https://www.ss.com/msg/lv/real-estate/flats/jurmala/kauguri/gefhb.html,https://i.ss.com/gallery/6/1167/291648/58329434.th2.jpg,"В самом живописном месте в Каугури, в окружении сосновых дер",KauguriEngures 15,2,54,02/05/24,103,65000
https://www.ss.com/msg/lv/real-estate/flats/jurmala/lielupe/aecgn.html,https://i.ss.com/gallery/6/1129/282034/56406717.th2.jpg,Спланированная до мелочей квартира-трансформер. После капита,LielupeLašu 3,1,36,04/05/24,Specpr.,65000
https://www.ss.com/msg/lv/real-estate/flats/jurmala/bulduri/deogd.html,https://i.ss.com/gallery/5/869/217054/43410745.th2.jpg,"(Rus / Eng)3-х комнатная квартира-пентхаус с двумя терраса",BulduriJasminu 9,3,101,03/03/24,Jaun.,260000
https://www.ss.com/msg/lv/real-estate/flats/jurmala/bulduri/cnejk.html,https://i.ss.com/gallery/6/1145/286216/57243082.th2.jpg,4-комнатная квартира с 2-приватными террасами на 1-м этаже.,Bulduri2.līnija 12,4,161,01/03/24,Jaun.,340000
https://www.ss.com/msg/lv/real-estate/flats/jurmala/bulduri/cnxfd.html,https://i.ss.com/gallery/5/916/228828/45765449.th2.jpg,"Rus / EngЭргономичная 3-х комнатная квартира с аутентичным",BulduriJasminu 9,3,75,02/03/24,Jaun.,214000
https://www.ss.com/msg/lv/real-estate/flats/jurmala/bulduri/jmjlh.html,https://i.ss.com/gallery/6/1004/250779/50155769.th2.jpg,"(Rus / Eng)Двухуровневая квартира в новом курортном жило",BulduriJasminu 9,3,74,01/03/24,Jaun.,189000
https://www.ss.com/msg/lv/real-estate/flats/jurmala/lielupe/kxpgp.html,https://i.ss.com/gallery/6/1125/281063/56212477.th2.jpg,Эргономичная 3-х комнатная квартира с выходом на речной пляж,LielupeTiklu 11,3,63,01/04/24,Jaun.,165000
https://www.ss.com/msg/lv/real-estate/flats/jurmala/bulluciems/mnkoc.html,https://i.ss.com/gallery/6/1152/287869/57573730.th2.jpg,Эргономичная 3-х комнатная квартира с выходом на речной пляж,BuļļuciemsTiklu 11,3,63,01/04/24,Jaun.,165000
https://www.ss.com/msg/lv/real-estate/flats/jurmala/dzintari/mooig.html,https://i.ss.com/gallery/6/1138/284337/56867249.th2.jpg,"Удивительно эргономичная 2-комнатная квартира-трансформер, с",DzintariRīgas 49,2,46,02/04/24,Jaun.,167000
https://www.ss.com/msg/lv/real-estate/flats/jurmala/lielupe/apbmd.html,https://i.ss.com/gallery/6/1049/262079/52415675.th2.jpg,"Продаем фантастический пентхаус. Квартира находится в прес",LielupeO. kalpaka pr. 8,3,213,03/03/24,Jaun.,850000
https://www.ss.com/msg/lv/real-estate/flats/jurmala/dzintari/bdnpdk.html,https://i.ss.com/gallery/6/1019/254635/50926899.th2.jpg,"Предлагаем купить квартиры в Юрмале, Дзинтари.Всего в про",DzintariRīgas 47,3,79,02/03/24,Jaun.,262000
https://www.ss.com/msg/lv/real-estate/flats/jurmala/dzintari/bexmck.html,https://i.ss.com/gallery/6/1118/279367/55873336.th2.jpg,"Mēs ar prieku piedāvājam jaunu elitāru projektu ""Villa Al Ma",DzintariDzintaru prospeks 23,3,96,03/03/24,Jaun.,385000
https://www.ss.com/msg/lv/real-estate/flats/jurmala/pumpuri/dlkpi.html,https://i.ss.com/gallery/5/803/200604/40120768.th2.jpg,Представляем вашему вниманию уникальную квартиру на первой л,PumpuriGaujas 4,3,174,01/03/24,Jaun.,340000
https://www.ss.com/msg/lv/real-estate/flats/jurmala/dzintari/eobdl.html,https://i.ss.com/gallery/5/845/211110/42221921.th2.jpg,От собственника. Двухуровневые апартаменты на второй линии о,DzintariViktorijas 16,4,154,01/03/24,Jaun.,695000
https://www.ss.com/msg/lv/real-estate/flats/jurmala/bulduri/nmiok.html,https://i.ss.com/gallery/5/982/245461/49092128.th2.jpg,"Pārdodās dzīvoklis jaunajā projektā. Klusa, mierīga apkārt",BulduriMeža pr. 19,2,112,02/03/24,Jaun.,245000
https://www.ss.com/msg/lv/real-estate/flats/jurmala/majori/ecnig.html,https://i.ss.com/gallery/6/1131/282717/56543318.th2.jpg,"Ekskluzīvs penthouse ar terasiIdeāla vieta, tikai 5 minū",MajoriLienes 7,4,171,03/03/24,Specpr.,370000
https://www.ss.com/msg/lv/real-estate/flats/jurmala/dzintari/jbpxn.html,https://i.ss.com/gallery/6/1142/285313/57062490.th2.jpg,Attīstītājs pārdod pēdējo kompaktu 2 istabu dizainera veidot,DzintariDzintaru pr. 48,2,37,03/03/24,Renov.,155000
https://www.ss.com/msg/lv/real-estate/flats/jurmala/bulduri/cdhep.html,https://i.ss.com/gallery/6/1117/279001/55800186.th2.jpg,Владелец продает красивую и уютную 3-комнатную квартиру (116,BulduriVidus pr. 54,3,116,01/03/24,Jaun.,350000
https://www.ss.com/msg/lv/real-estate/flats/jurmala/dzintari/ijffb.html,https://i.ss.com/gallery/6/1139/284716/56943200.th2.jpg,"От застройщика - 4 комнатные апартменты в новом, современном",DzintariMežaparka pr. 1,4,128,07/08/24,Jaun.,335000
https://www.ss.com/msg/lv/real-estate/flats/jurmala/dzintari/hljdp.html,https://i.ss.com/gallery/6/1139/284716/56943199.th2.jpg,"От застройщика - 2 комнатные апартменты в новом, современном",DzintariMežaparka pr. 1,2,80,07/08/24,Jaun.,280000
https://www.ss.com/msg/lv/real-estate/flats/jurmala/dubulti/iximx.html,https://i.ss.com/gallery/6/1056/263961/52792027.th2.jpg,"Предлагаем апартаменты в новом проекте в Дубулты, на ул. Пил",DubultiPils 5,3,76,01/03/24,Jaun.,250000
https://www.ss.com/msg/lv/real-estate/flats/jurmala/kauguri/dcllb.html,https://i.ss.com/gallery/6/1157/289063/57812461.th2.jpg,"Tiek pārdots 2 istabu dzīvoklis, istabas nav caurstaigājamas",KauguriTalsu šoseja 31 7,2,42,01/05/24,Hrušč.,39000
https://www.ss.com/msg/lv/real-estate/flats/jurmala/dzintari/bdnpnm.html,https://i.ss.com/gallery/6/1119/279713/55942471.th2.jpg,Piedāvājam iegādei mūsdienīgā stilā veidotu dzīvokli projekt,DzintariDzintaru pr. 26,4,152,03/04/24,Jaun.,900000
https://www.ss.com/msg/lv/real-estate/flats/jurmala/bulduri/cchfx.html,https://i.ss.com/gallery/6/1161/290178/58035566.th2.jpg,"Pārdod plašu un gaišu 3-istabu dzīvokli, ar platību – 99.6 m",BulduriKuldīgas 9,3,100,02/03/24,Jaun.,255000
https://www.ss.com/msg/lv/real-estate/flats/jurmala/dzintari/exfxe.html,https://i.ss.com/gallery/6/1049/262004/52400602.th2.jpg,Piedāvājam iegādāties gatavu dzīvošanai divu guļamistabu dzī,DzintariIkšķiles 4,3,124,02/03/24,Jaun.,565250
https://www.ss.com/msg/lv/real-estate/flats/jurmala/kauguri/ajmbb.html,https://i.ss.com/gallery/6/1171/292545/58508985.th2.jpg,Piedāvājam Jums iespēju iegādāties 2-istabu dzīvokli Jūrmalā,KauguriEngures 1,2,48,04/05/24,103,35500
https://www.ss.com/msg/lv/real-estate/flats/jurmala/dubulti/afcje.html,https://i.ss.com/gallery/6/1035/258540/51707927.th2.jpg,"Dzīvoklis pilnībā atbrīvots, bez parādiem un saistībām, gata",DubultiSlokas 63 k-2,3,57,04/04/24,Specpr.,46900
https://www.ss.com/msg/lv/real-estate/flats/jurmala/majori/bxmdgx.html,https://i.ss.com/gallery/6/1126/281279/56255720.th2.jpg,"Gaišs 2 stāvu dzīvoklis Jomas ielā 19.Lieliska atrašanās",MajoriJomas 19,4,97,03/04/24,Jaun.,365000
https://www.ss.com/msg/lv/real-estate/flats/jurmala/kauguri/aidfn.html,https://i.ss.com/gallery/6/1157/289178/57835418.th2.jpg,В отличном месте продам солнечную тёплую не угловую квартиру,KauguriSkolas 65A,2,50,04/05/24,Hrušč.,49500
https://www.ss.com/msg/lv/real-estate/flats/jurmala/dzintari/bclhjc.html,https://i.ss.com/gallery/5/946/236483/47296532.th2.jpg,"Pārdod gaišu 2 istabu dzīvokli ar balkonu, labā stāvoklī, ar",DzintariJāņa Pliekšāna 92,2,40,05/05/24,LT proj.,74500
https://www.ss.com/msg/lv/real-estate/flats/jurmala/majori/icgmc.html,https://i.ss.com/gallery/6/1069/267120/53423917.th2.jpg,"Lielupes krastā, Majoros, blakus kuģīšu piestātnei, makšķern",MajoriRīgas 4,2,28,02/02/24,P. kara,27500
https://www.ss.com/msg/lv/real-estate/flats/jurmala/dzintari/bcnigc.html,https://i.ss.com/gallery/6/1085/271007/54201222.th2.jpg,Piedāvājums no attīstītāja 2022. gadā Jūrmalā – projekts “Dz,DzintariRīgas 47,3,73,02/03/24,Jaun.,240800
https://www.ss.com/msg/lv/real-estate/flats/jurmala/dzintari/bdnpng.html,https://i.ss.com/gallery/6/1085/271014/54202693.th2.jpg,Piedāvājums no attīstītāja Jūrmalā – projekts “Dzintaru Pērl,DzintariRīgas 47,3,74,03/03/24,Jaun.,245700
https://www.ss.com/msg/lv/real-estate/flats/jurmala/asari/nonno.html,https://i.ss.com/gallery/6/1109/277198/55439500.th2.jpg,"Продаётся 4-х комнатная квартира в новом, построенном в 2019",AsariDzimtenes 13,4,90,01/03/24,Jaun.,188500
https://www.ss.com/msg/lv/real-estate/flats/jurmala/majori/dcflh.html,https://i.ss.com/gallery/6/1171/292507/58501312.th2.jpg,"Izcila iespēja. Pārdod dzīvokli Jūrmalas kūrorta centrā, Jom",MajoriJomas 52,2,53,02/02/24,P. kara,124200
https://www.ss.com/msg/lv/real-estate/flats/jurmala/kauguri/dflee.html,https://i.ss.com/gallery/6/1149/287061/57412022.th2.jpg,"Pārdodu 1 istabas dzīvokli Kauguros, 15 min no pludmales.",KauguriEngures 1,1,35,05/05/24,103,31500
https://www.ss.com/msg/lv/real-estate/flats/jurmala/dzintari/mnppm.html,https://i.ss.com/gallery/5/965/241233/48246574.th2.jpg,Новый проект – сдан в эксплуатацию в 2022 году. Квартира в п,DzintariRīgas 47,3,80,03/03/24,Jaun.,263900
https://www.ss.com/msg/lv/real-estate/flats/jurmala/majori/clocg.html,https://i.ss.com/gallery/6/1104/275952/55190291.th2.jpg,"Продаю 3-х комнатную квартиру в новом проекте в Майори, рядо",MajoriJāņa Pliekšāna 13,3,67,02/02/24,Jaun.,195000
https://www.ss.com/msg/lv/real-estate/flats/jurmala/melluzi/cdlne.html,https://i.ss.com/gallery/6/1130/282428/56485534.th2.jpg,Pārdodas 3 istabu dzīvoklis pilnībā aprīkots dzīvošanai vai,MellužiMellužu pr. 19 203,3,85,02/05/24,Renov.,205000
https://www.ss.com/msg/lv/real-estate/flats/jurmala/dzintari/jbdcp.html,https://i.ss.com/gallery/6/1112/277788/55557550.th2.jpg,На продажу предлагается квартира с террасой у реки в Дзинтар,DzintariTuraidas 110,2,84,04/04/24,Jaun.,139000
https://www.ss.com/msg/lv/real-estate/flats/jurmala/dzintari/ablhf.html,https://i.ss.com/gallery/6/1169/292081/58416137.th2.jpg,"В продаже квартира в новом проекте ""Dzintaru pērle"". Проект",DzintariRīgas 47,3,94,02/03/24,Jaun.,306950
https://www.ss.com/msg/lv/real-estate/flats/jurmala/kauguri/gkenh.html,https://i.ss.com/gallery/6/1170/292472/58494400.th2.jpg,Продаётся квартира тёплая не угловая на 3 этаже. дом находит,KauguriSkolas 69b 36,1,42,03/05/24,M. ģim.,32000
https://www.ss.com/msg/lv/real-estate/flats/jurmala/majori/bbxeio.html,https://i.ss.com/gallery/6/1123/280587/56117385.th2.jpg,Двухуровневая мансардная квартира в 5 минутах ходьбы до моря,MajoriLienes 7,3,171,03/03/24,Jaun.,370000
https://www.ss.com/msg/lv/real-estate/flats/jurmala/lielupe/joopd.html,https://i.ss.com/gallery/5/911/227706/45541057.th2.jpg,"Trīsistabu dzīvoklis ar kopējo platību 118.6 m2, terase 20,",LielupeMežotnes 2,3,118,02/03/24,Jaun.,340000
https://www.ss.com/msg/lv/real-estate/flats/jurmala/dzintari/mooxg.html,https://i.ss.com/gallery/6/1162/290317/58063226.th2.jpg,"Застройщик редлагает 2 комнатные апартаменты в новом, соврем",DzintariMežaparka pr. 1,2,80,07/08/24,Jaun.,280000
https://www.ss.com/msg/lv/real-estate/flats/jurmala/dzintari/bdnpdj.html,https://i.ss.com/gallery/4/647/161637/32327220.th2.jpg,"Turaidas Kvartāls, dzīvokļa īpašums. Pārdod īpašnieks - Tura",DzintariTuraidas 17,3,83,02/04/24,Jaun.,255000
https://www.ss.com/msg/lv/real-estate/flats/jurmala/dzintari/bcnfxm.html,https://i.ss.com/gallery/6/1170/292460/58491813.th2.jpg,"Dzīvoklis ar plašu jumta terasi un skatu uz jūru.  - Pla",DzintariDzintaru pr. 64,3,207,05/05/24,Jaun.,640000
https://www.ss.com/msg/lv/real-estate/flats/jurmala/asari/bemmbp.html,https://i.ss.com/gallery/6/1136/283978/56795485.th2.jpg,Attīstītājs pārdod 4 istabu dzīvokli pie jūras Harmony Sky G,AsariVēju 5a,4,83,01/03/24,Jaun.,272900
https://www.ss.com/msg/lv/real-estate/flats/jurmala/dubulti/dekkn.html,https://i.ss.com/gallery/6/1118/279394/55878779.th2.jpg,Piedāvājumā skaisti iekārtots un ērts trīs istabu dzīvoklis,DubultiPils 5,3,80,02/03/24,Jaun.,260000
https://www.ss.com/msg/lv/real-estate/flats/jurmala/dubulti/dbomc.html,https://i.ss.com/gallery/5/981/245063/49012431.th2.jpg,"Перепланированная, евроремонт, не угловая, теплая, встроенна",DubultiKlavu 33,3,68,01/04/24,LT proj.,110000
https://www.ss.com/msg/lv/real-estate/flats/jurmala/dzintari/bckeii.html,https://i.ss.com/gallery/6/1155/288606/57721023.th2.jpg,Pārdošanai tiek piedāvāts gaišs un mājīgs trīs istabu dzīvok,DzintariGrišļā 5,3,83,03/04/24,Jaun.,149000
https://www.ss.com/msg/lv/real-estate/flats/jurmala/dzintari/nflhi.html,https://i.ss.com/gallery/6/1133/283144/56628684.th2.jpg,"Penthouse dzīvoklis 700 m no jūras. Dzīvojamā platība 93, 3",DzintariEdinburgas pr. 11,2,171,04/04/24,Jaun.,269000
https://www.ss.com/msg/lv/real-estate/flats/jurmala/melluzi/affli.html,https://i.ss.com/gallery/6/1167/291711/58342127.th2.jpg,Piedāvājam pārdošanai pilnībā mēbelētu plašu trīs istabu dzī,MellužiMellužu pr. 77,3,100,01/02/24,Jaun.,210000
https://www.ss.com/msg/lv/real-estate/flats/jurmala/kauguri/dflxe.html,https://i.ss.com/gallery/6/1076/268871/53774054.th2.jpg,"Gaišs un silts trīs istabas dzīvoklis. Dzīvoklis nav stūra",KauguriSkolas 31,3,62,06/09/24,602,49600
https://www.ss.com/msg/lv/real-estate/flats/jurmala/majori/gjbix.html,https://i.ss.com/gallery/6/1145/286099/57219779.th2.jpg,Gaišs un mājīgs 2 istabu dzīvoklis ar balkonu renovētā ēkā b,MajoriPlūdu 4,2,45,03/05/24,Renov.,57000
https://www.ss.com/msg/lv/real-estate/flats/jurmala/jaundubulti/bdikbj.html,https://i.ss.com/gallery/6/1009/252084/50416679.th2.jpg,На продажу предлагается мебелированная квартира (статус - кв,JaundubultiStrēlnieku pr. 50,2,66,02/04/24,Jaun.,235000
https://www.ss.com/msg/lv/real-estate/flats/jurmala/kauguri/ahcjh.html,https://i.ss.com/gallery/6/1118/279318/55863423.th2.jpg,"Skaists, moderns dzīvoklis ar labu remontu, tehniku un jaunā",KauguriSkolas 55,1,33,02/09/24,467,41000
https://www.ss.com/msg/lv/real-estate/flats/jurmala/dubulti/fbcfk.html,https://i.ss.com/gallery/6/1137/284016/56803043.th2.jpg,"На продажу предлагается стильная квартира с террасой, камино",DubultiCeriņu 18,2,63,04/04/24,Jaun.,265000
https://www.ss.com/msg/lv/real-estate/flats/jurmala/kauguri/bmxpc.html,https://i.ss.com/gallery/6/1157/289115/57822939.th2.jpg,"Квартира расположена в средней части дома, очень теплая, при",KauguriTallinas 3,1,35,04/05/24,103,25000
https://www.ss.com/msg/lv/real-estate/flats/jurmala/dzintari/mkgdj.html,https://i.ss.com/gallery/6/1065/266059/53211735.th2.jpg,Собственник срочно продает 2-х комнатную квартиру в Дзинтари,DzintariJāņa Pliekšāna 90,2,54,02/05/24,103,85500
https://www.ss.com/msg/lv/real-estate/flats/jurmala/dubulti/elxkl.html,https://i.ss.com/gallery/6/1108/276827/55365364.th2.jpg,"Tiek pārdots divistabas dzīvoklis Dubultos, Jūrmalā. Māj",DubultiSlokas 63 K-6,2,49,02/05/24,Specpr.,55000
https://www.ss.com/msg/lv/real-estate/flats/jurmala/bulduri/afeco.html,https://i.ss.com/gallery/6/1122/280295/56058813.th2.jpg,Jūrmalā Bulduros nelielā jaunā projekta kompleksā ir pieejam,BulduriVienības pr. 20,2,65,03/03/24,Jaun.,184000
https://www.ss.com/msg/lv/real-estate/flats/jurmala/majori/bxejfn.html,https://i.ss.com/gallery/5/990/247342/49468344.th2.jpg,"Īpašnieks pārdod 3 istabu dzīvokli piektajā stāvā, ļoti klus",MajoriPludu 1,3,60,05/05/24,LT proj.,67000
https://www.ss.com/msg/lv/real-estate/flats/jurmala/dzintari/igngi.html,https://i.ss.com/gallery/6/1169/292216/58443009.th2.jpg,Предлагается к продаже квартиры в новом проекте в самом цент,DzintariDzintaru pr. 12,3,138,03/03/24,Jaun.,350000
https://www.ss.com/msg/lv/real-estate/flats/jurmala/dzintari/jbkcb.html,https://i.ss.com/gallery/6/1169/292089/58417602.th2.jpg,"В продаже квартиры в новом проекте ""Dzintaru pērle"". Проект",DzintariRigas 47,3,77,02/03/24,Jaun.,255850
https://www.ss.com/msg/lv/real-estate/flats/jurmala/lielupe/chlng.html,https://i.ss.com/gallery/6/1170/292273/58454406.th2.jpg,"Апартаменты в Лиелупе c подземной парковкой. Комплекс"" L",LielupeTervetes 6,3,68,03/04/24,Jaun.,170000
https://www.ss.com/msg/lv/real-estate/flats/jurmala/dzintari/jlhjo.html,https://i.ss.com/gallery/6/1055/263647/52729303.th2.jpg,200m līdz jūrai un 5 minūšu attālumā no Dzintaru koncertzāle,DzintariDzintaru pr. 28,3,125,01/04/24,Jaun.,384900
https://www.ss.com/msg/lv/real-estate/flats/jurmala/dzintari/jbjph.html,https://i.ss.com/gallery/6/1141/285129/57025695.th2.jpg,Новая (никто не жил) 3-комнатная квартира в 200 шагах от мор,DzintariDzintaru pr. 26,3,97,01/04/24,Jaun.,599999
https://www.ss.com/msg/lv/real-estate/flats/jurmala/asari/jcgec.html,https://i.ss.com/gallery/6/1150/287406/57481086.th2.jpg,Pārdodu 2-istabu dzīvokli dažu metru attālumā no jūras lieda,AsariKāpu 95,2,70,03/03/24,Jaun.,180000
https://www.ss.com/msg/lv/real-estate/flats/jurmala/asari/bcppgk.html,https://i.ss.com/gallery/6/1150/287408/57481424.th2.jpg,Pārdodu 3-istabu dzīvokli dažu metru attālumā no jūras lieda,AsariKāpu 95,3,90,02/03/24,Jaun.,240000
https://www.ss.com/msg/lv/real-estate/flats/jurmala/dubulti/adhnf.html,https://i.ss.com/gallery/6/1035/258709/51741727.th2.jpg,"Mājīgs, kopts, silts dzīvoklis pašā Dubultu centrā, kvalitat",DubultiDubultu pr. 10,4,93,04/05/24,Specpr.,157000
https://www.ss.com/msg/lv/real-estate/flats/jurmala/bulduri/bdokfh.html,https://i.ss.com/gallery/6/1131/282687/56537385.th2.jpg,"Gaišs un plašs trīs istabu dzīvoklis arī balkonu, no kura pa",BulduriRēzeknes pulka 26,3,71,03/04/24,Specpr.,120000
https://www.ss.com/msg/lv/real-estate/flats/jurmala/kauguri/eclfg.html,https://i.ss.com/gallery/6/1139/284534/56906681.th2.jpg,"Gaišs divistabu dzīvoklis ar skaistu skatu uz zaļo zonu, atr",KauguriSkolas 38,2,48,09/09/24,467,52000
https://www.ss.com/msg/lv/real-estate/flats/jurmala/majori/acncx.html,https://i.ss.com/gallery/6/1169/292142/58428327.th2.jpg,Jomas centrā ar autostāvvietu tiek pārdots 3 istabu dzīvokli,MajoriJāņa Pliekšāna 13,3,67,02/02/24,P. kara,195000
https://www.ss.com/msg/lv/real-estate/flats/jurmala/kauguri/cepnd.html,https://i.ss.com/gallery/6/1130/282296/56459012.th2.jpg,Gaišs un ļoti plašs 2 istabu dzīvoklis labai dzīvei Jūrmalā.,KauguriSkolas 9,2,60,07/09/24,467,60000
https://www.ss.com/msg/lv/real-estate/flats/jurmala/dzintari/dpiid.html,https://i.ss.com/gallery/6/1144/285858/57171464.th2.jpg,Piedāvājam Dzintaros iegādāties lielisku dzīvokli ar panorām,DzintariLienes 36,3,84,01/03/24,Jaun.,210000
https://www.ss.com/msg/lv/real-estate/flats/jurmala/bulduri/ncgji.html,https://i.ss.com/gallery/6/1169/292083/58416446.th2.jpg,Pārdošanā dzīvoklis ekskluzīvajā kvartālā Legend. Plašais če,BulduriBulduru pr. 17-k-2,4,164,02/04/24,Jaun.,1250000
https://www.ss.com/msg/lv/real-estate/flats/jurmala/melluzi/nkxkb.html,https://i.ss.com/gallery/6/1156/288803/57760595.th2.jpg,"Dzīvoklis jaunajā projektā “Villa Astor”, tikai 3 minūšu gāj",MellužiPumpuru 3A,3,85,01/03/24,Jaun.,220894
https://www.ss.com/msg/lv/real-estate/flats/jurmala/jaundubulti/bebjhf.html,https://i.ss.com/gallery/5/983/245504/49100721.th2.jpg,На продажу предлагается стильная мебелированная квартира с п,JaundubultiStrēlnieku pr. 50,3,122,03/04/24,Jaun.,370000
https://www.ss.com/msg/lv/real-estate/flats/jurmala/bulduri/aedcf.html,https://i.ss.com/gallery/6/1104/275787/55157362.th2.jpg,"Pārdodas dzīvoklis ar kvalitatīvu, mūsdienīgu remontu ar Ven",BulduriKuldīgas 21,2,54,02/05/24,103,103000
https://www.ss.com/msg/lv/real-estate/flats/jurmala/kauguri/cxpjm.html,https://i.ss.com/gallery/6/1151/287723/57544497.th2.jpg,"Квартира с качественным отремонтированным ремонтом .В 5 ми",KauguriSkolas 65b,3,60,07/09/24,467,105000
https://www.ss.com/msg/lv/real-estate/flats/jurmala/kauguri/cmidc.html,https://i.ss.com/gallery/6/1136/283820/56763833.th2.jpg,"Tiek pārdots 3-istabu dzīvokli 602 sērija ar balkonu. Gaiš",KauguriSkolas 27,3,62,02/09/24,602,63000
https://www.ss.com/msg/lv/real-estate/flats/jurmala/melluzi/agbib.html,https://i.ss.com/gallery/6/1121/280067/56013395.th2.jpg,Īpašnieks pārdod plašu 3-istabu dzīvokli Mellužos. Jūsu ideā,MellužiĢertrūdes pr. 11,3,74,02/03/24,Jaun.,169000
https://www.ss.com/msg/lv/real-estate/flats/jurmala/lielupe/blhkx.html,https://i.ss.com/gallery/6/1169/292156/58431196.th2.jpg,"Предлагаем светлую квартиру с балконом в Лиелупе, улица Лашу",LielupeLašu 1a,2,60,01/05/24,Jaun.,150000
https://www.ss.com/msg/lv/real-estate/flats/jurmala/dubulti/eoxkn.html,https://i.ss.com/gallery/6/1088/271867/54373219.th2.jpg,Хозяин продает. Эксклюзивная теплая с дизайнерским ремонтом,DubultiSlokas 65,2,30,02/04/24,Specpr.,57500
https://www.ss.com/msg/lv/real-estate/flats/jurmala/kauguri/cmpkc.html,https://i.ss.com/gallery/6/1097/274068/54813471.th2.jpg,Предлагаем просторную солнечную квартиру c большой лоджией и,KauguriSkolas 55A,4,75,04/09/24,467,55000
https://www.ss.com/msg/lv/real-estate/flats/jurmala/bulduri/gfhnj.html,https://i.ss.com/gallery/5/944/235780/47155856.th2.jpg,"Bulduru centrs ir investīciju objekts.  5 minūtes no jūras",BulduriJelgavas 5,6,200,01/01/24,Specpr.,299900
https://www.ss.com/msg/lv/real-estate/flats/jurmala/majori/hclxx.html,https://i.ss.com/gallery/6/1106/276306/55261123.th2.jpg,Tepat aiz pirmās kāpas šalc jūra un nenogurusi skalo baltās,MajoriĒrgļu 4,3,184,04/07/24,Jaun.,650000
https://www.ss.com/msg/lv/real-estate/flats/jurmala/kemeri/apboj.html,https://i.ss.com/gallery/6/1169/292109/58421623.th2.jpg,Mājas daļa - Divi dzīvokļi ar kopējo platību 68 kvm. Viens d,ĶemeriTirgus 6C 1,4,68,01/01/24,Priv. m.,36000
https://www.ss.com/msg/lv/real-estate/flats/jurmala/bulduri/bddel.html,https://i.ss.com/gallery/6/1004/250811/50162198.th2.jpg,Продаётся очень красивая и уютная 2 комнатная квартира в цен,BulduriMeža pr. 27,2,76,01/03/24,Specpr.,180000
https://www.ss.com/msg/lv/real-estate/flats/jurmala/lielupe/jnfbc.html,https://i.ss.com/gallery/6/1058/264387/52877302.th2.jpg,"Tiek pārdotā mājas daļa Lielupē Jūrmalā. Plānojums:- g",LielupeZušu 2,2,45,01/01/24,Priv. m.,105000
https://www.ss.com/msg/lv/real-estate/flats/jurmala/bulluciems/mfcpg.html,https://i.ss.com/gallery/6/1169/292039/58407781.th2.jpg,Lielisks plānojums ērtai dzīvošanai un mājīga atrašanās viet,BuļļuciemsLašu 5,3,88,02/05/24,Specpr.,145000
https://www.ss.com/msg/lv/real-estate/flats/jurmala/dubulti/jbjdx.html,https://i.ss.com/gallery/6/1019/254653/50930479.th2.jpg,"Mājīgs un silts dzīvoklis ar divām izolētām istabām, virtuvi",DubultiSlokas 63A,2,49,02/02/24,Specpr.,46500
https://www.ss.com/msg/lv/real-estate/flats/jurmala/dubulti/fnodp.html,https://i.ss.com/gallery/6/1126/281357/56271336.th2.jpg,На продажу предлагается квартира со своим земельным участком,DubultiЦериню 6,3,150,01/04/24,Jaun.,290000
https://www.ss.com/msg/lv/real-estate/flats/jurmala/dzintari/mldle.html,https://i.ss.com/gallery/5/983/245523/49104512.th2.jpg,No attīstītāja. Dzintaru Pērle / Rīgas 47 - ir jauns premium,DzintariRīgas 47,3,67,02/03/24,Jaun.,234500
https://www.ss.com/msg/lv/real-estate/flats/jurmala/dzintari/ncdlo.html,https://i.ss.com/gallery/5/983/245523/49104500.th2.jpg,No attīstītāja. Dzintaru Pērle / Rīgas 47 - ir jauns premium,DzintariRīgas 47,3,74,01/03/24,Jaun.,245700
https://www.ss.com/msg/lv/real-estate/flats/jurmala/dzintari/mmnpj.html,https://i.ss.com/gallery/5/983/245523/49104500.th2.jpg,No attīstītāja. Dzintaru Pērle / Rīgas 47 - ir jauns premium,DzintariRīgas 47,3,73,01/03/24,Jaun.,256200
https://www.ss.com/msg/lv/real-estate/flats/jurmala/dzintari/mndfe.html,https://i.ss.com/gallery/5/983/245523/49104512.th2.jpg,No attīstītāja. Dzintaru Pērle / Rīgas 47 - ir jauns premium,DzintariRīgas 47,3,80,03/03/24,Jaun.,263900
https://www.ss.com/msg/lv/real-estate/flats/jurmala/dzintari/nxfch.html,https://i.ss.com/gallery/5/983/245523/49104500.th2.jpg,No attīstītāja. Dzintaru Pērle / Rīgas 47 - ir jauns premium,DzintariRīgas 47,3,94,02/03/24,Jaun.,306950
https://www.ss.com/msg/lv/real-estate/flats/jurmala/dzintari/ncdln.html,https://i.ss.com/gallery/5/983/245523/49104512.th2.jpg,No attīstītāja. Dzintaru Pērle / Rīgas 47 - ir jauns premium,DzintariRīgas 47,4,104,02/03/24,Jaun.,338800
https://www.ss.com/msg/lv/real-estate/flats/jurmala/pumpuri/ahfhk.html,https://i.ss.com/gallery/5/974/243288/48657444.th2.jpg,Продаю летнюю квартиру в Юрмале. Кухня объединена с гостиной,PumpuriKalēju 54,2,36,01/02/24,Specpr.,40000
https://www.ss.com/msg/lv/real-estate/flats/jurmala/dzintari/jbehh.html,https://i.ss.com/gallery/6/1056/263815/52762886.th2.jpg,Attīstītājs piedāvā augstvērtīga dizaina apartaments – lofts,DzintariMežaparka pr. 10,2,88,01/02/24,Jaun.,253520
https://www.ss.com/msg/lv/real-estate/flats/jurmala/dzintari/nmjje.html,https://i.ss.com/gallery/6/1087/271669/54333756.th2.jpg,Вы уже давно мечтаете жить в Юрмале? Каждый день гулять по м,DzintariPiestātnes 15,2,61,03/03/24,Specpr.,135000
https://www.ss.com/msg/lv/real-estate/flats/jurmala/kauguri/fdkom.html,https://i.ss.com/gallery/6/1095/273719/54743775.th2.jpg,"Pārdodam mājīgu, saulainu ģimenes dzīvoklīti Jūrmalā, Kaugur",KauguriTallinas 32,3,68,01/05/24,Specpr.,56900
https://www.ss.com/msg/lv/real-estate/flats/jurmala/dzintari/ehimf.html,https://i.ss.com/gallery/6/1124/280901/56180112.th2.jpg,Divstāvīgs dzīvoklis klusā un zaļā Jūrmalas rajonā. Dzīvokli,DzintariPētera 15,3,85,02/03/24,Specpr.,165000
https://www.ss.com/msg/lv/real-estate/flats/jurmala/jaundubulti/onxld.html,https://i.ss.com/gallery/6/1168/291935/58386956.th2.jpg,"Plašs, remontēts 2 istabu dzīvoklis ar ietilpīgu pazemes gar",JaundubultiAbavas 6,2,68,02/04/24,Specpr.,154000
https://www.ss.com/msg/lv/real-estate/flats/jurmala/bulduri/aeici.html,https://i.ss.com/gallery/6/1150/287438/57487430.th2.jpg,"Dzīvoklis viesnīcas kompleksā, pastaigas attālumā no jūras,",BulduriVienības pr. 20,2,61,03/03/24,Jaun.,164000
https://www.ss.com/msg/lv/real-estate/flats/jurmala/bulduri/bomob.html,https://i.ss.com/gallery/6/1116/278898/55779468.th2.jpg,Pārdošanā saulains mansarda studio tipa dzīvoklis renovētā n,BulduriRēzeknes Pulka 5,1,65,03/03/24,Renov.,169000
https://www.ss.com/msg/lv/real-estate/flats/jurmala/jaundubulti/pikdj.html,https://i.ss.com/gallery/6/1164/290757/58151253.th2.jpg,Жилой комплекс Pinewood Apartments расположен в Яундубулты.,JaundubultiStrēlnieku pr. 72,3,75,03/03/24,Jaun.,290000
https://www.ss.com/msg/lv/real-estate/flats/jurmala/dzintari/cojmo.html,https://i.ss.com/gallery/6/1113/278168/55633588.th2.jpg,"Предлагается дизайнерская, новая квартира, с качественным ре",DzintariDzintaru pr. 23,3,107,01/03/24,Specpr.,715000
https://www.ss.com/msg/lv/real-estate/flats/jurmala/kauguri/flcjc.html,https://i.ss.com/gallery/6/1157/289125/57824916.th2.jpg,"Владелец продаёт 2-х комнатную квартиру на 2 этаже. План",KauguriSkolas 28,2,54,02/05/24,103,41400
https://www.ss.com/msg/lv/real-estate/flats/jurmala/kauguri/ekngm.html,https://i.ss.com/gallery/6/1168/291920/58383982.th2.jpg,"Продаётся уютная квартира в тихом месте. Планировка кварти",KauguriTirzas 35,2,39,01/05/24,Specpr.,41000
https://www.ss.com/msg/lv/real-estate/flats/jurmala/kauguri/aaggg.html,https://i.ss.com/gallery/6/1138/284408/56881496.th2.jpg,"Pārdod 2-istabu dzīvokli Jūrmalā. Dzīvoklis ir labā stāvok",KauguriEngures 8,2,47,01/05/24,Specpr.,42000
https://www.ss.com/msg/lv/real-estate/flats/jurmala/kauguri/ahkoe.html,https://i.ss.com/gallery/6/1136/283880/56775961.th2.jpg,"Pārdod 2-istabu dzīvokli Jūrmalā. Dzīvoklis ir labā stāvok",KauguriSkolas 65,2,46,05/05/24,Specpr.,57500
https://www.ss.com/msg/lv/real-estate/flats/jurmala/majori/apdxi.html,https://i.ss.com/gallery/6/1096/273807/54761357.th2.jpg,Svaigi remontēts dzīvoklis netālu no jūras un Dzintaru Mežap,MajoriOšu 1/3,2,42,01/02/24,Staļina,51500
https://www.ss.com/msg/lv/real-estate/flats/jurmala/dzintari/iggki.html,https://i.ss.com/gallery/6/1096/273807/54761357.th2.jpg,Svaigi remontēts dzīvoklis klusā apkaimē blakus Lielupei. At,DzintariOšu 1/3,2,42,01/02/24,Staļina,51500
https://www.ss.com/msg/lv/real-estate/flats/jurmala/dubulti/beexdc.html,https://i.ss.com/gallery/6/1119/279572/55914295.th2.jpg,Nelielā jaunajā projektā Jūrmalā Dubultos ir pieejams skaist,DubultiPils 5,3,68,01/03/24,Jaun.,225000
https://www.ss.com/msg/lv/real-estate/flats/jurmala/kauguri/gdohn.html,https://i.ss.com/gallery/6/1069/267216/53443060.th2.jpg,"Atbrīvots dzīvoklis labā, klusā vietā, blakus Kauguru centra",KauguriSkolas 57,4,72,01/05/24,Hrušč.,52000
https://www.ss.com/msg/lv/real-estate/flats/jurmala/lielupe/fdhcg.html,https://i.ss.com/gallery/6/1157/289090/57817927.th2.jpg,"Dzīvoklis labā stāvoklī, silts, saulains, nav stūra, pakešu",LielupeRēzeknes pulka 26,2,53,04/04/24,Specpr.,85000
https://www.ss.com/msg/lv/real-estate/flats/jurmala/kauguri/dlfip.html,https://i.ss.com/gallery/6/1160/289799/57959686.th2.jpg,Īpašnieks pārdod 2-istabas dzīvokli. Ļoti silts un saulains.,KauguriSkolas 37,2,50,09/07/24,602,47500
https://www.ss.com/msg/lv/real-estate/flats/jurmala/asari/bfegjg.html,https://i.ss.com/gallery/6/1165/291072/58214222.th2.jpg,"Апартаменты с лужайкой, 3комнаты, 2спальни (6 спальных мест)",AsariAsaru pr 53,3,91,01/03/24,Jaun.,215000
https://www.ss.com/msg/lv/real-estate/flats/jurmala/bulluciems/lcgmb.html,https://i.ss.com/gallery/6/1168/291798/58359563.th2.jpg,"Продаётся двухкомнатная квартира с лоджией, с современным ре",BuļļuciemsLašu 5,2,53,04/05/24,Specpr.,87900
https://www.ss.com/msg/lv/real-estate/flats/jurmala/melluzi/ahhhb.html,https://i.ss.com/gallery/6/1138/284252/56850314.th2.jpg,"Pārdodas 1 istabu dzīvoklis (35, 9 m2 studija) pilnībā aprīk",MellužiKadiķu 7A,1,36,02/03/24,Specpr.,79000
https://www.ss.com/msg/lv/real-estate/flats/jurmala/sloka/hiikn.html,https://i.ss.com/gallery/5/980/244877/48975241.th2.jpg,"Krāsns apkure. Pilsētas ūdens un kanalizācija, zemi komunāli",SlokaHercoga Jēkaba 10,3,71,02/02/24,P. kara,50000
https://www.ss.com/msg/lv/real-estate/flats/jurmala/priedaine/lpnfp.html,https://i.ss.com/gallery/6/1149/287182/57436268.th2.jpg,Tiek pārdots trīsistabu dzīvoklis pēc kapitālā remonta. Virt,PriedaineLielais pr. 12,3,48,01/03/24,Renov.,60000
https://www.ss.com/msg/lv/real-estate/flats/jurmala/priedaine/cxjdk.html,https://i.ss.com/gallery/6/1099/274536/54907130.th2.jpg,Tiek pārdots divstāvīgs divistabu dzīvoklis renovētā pusmājā,PriedaineLielais pr. 12,2,40,03/03/24,Renov.,58000
https://www.ss.com/msg/lv/real-estate/flats/jurmala/dzintari/jlghk.html,https://i.ss.com/gallery/6/1049/262148/52429450.th2.jpg,"Предлагаем к приобретению квартиры в Юрмале, в Дзинтари, в п",DzintariRīgas 47,3,77,02/03/24,Jaun.,255850
https://www.ss.com/msg/lv/real-estate/flats/jurmala/bulduri/bdogdc.html,https://i.ss.com/gallery/6/1078/269379/53875768.th2.jpg,"2 istabu 48m² dzīvoklis Jūrmalā, Bulduri. Ozolkoka grīdas, o",BulduriJelgavas 1,2,48,02/04/24,Specpr.,149000
https://www.ss.com/msg/lv/real-estate/flats/jurmala/dzintari/bdjkhp.html,https://i.ss.com/gallery/6/1055/263741/52748016.th2.jpg,3-комнатная квартира с просторной террасой в 200 шагах от мо,DzintariDzintaru pr. 28,3,136,01/04/24,Jaun.,406500
https://www.ss.com/msg/lv/real-estate/flats/jurmala/dzintari/dcnmp.html,https://i.ss.com/gallery/6/1129/282160/56431912.th2.jpg,"Piedāvāju iegādāties 2 istabu dzīvokli Jūrmalā, Dzintaros, 5",DzintariJāņa Pliekšāna 92,2,36,01/05/24,LT proj.,46900
https://www.ss.com/msg/lv/real-estate/flats/jurmala/kauguri/hbehn.html,https://i.ss.com/gallery/6/1133/283240/56647953.th2.jpg,"Продаю 1-ком. квартиру, теплая, южная сторона, не угловая.",KauguriРайня 81,1,35,05/05/24,103,28000
https://www.ss.com/msg/lv/real-estate/flats/jurmala/dzintari/becfii.html,https://i.ss.com/gallery/6/1133/283027/56605371.th2.jpg,Предлагается на продажу просторная двухкомнатная квартира в,DzintariMadonas 5,2,95,01/04/24,Jaun.,235000
https://www.ss.com/msg/lv/real-estate/flats/jurmala/bulduri/eigfm.html,https://i.ss.com/gallery/6/1064/265965/53192863.th2.jpg,"К продаже предлагается квартира в новом проекте ""Elegia"" в с",BulduriBulduru pr. 54,3,118,01/03/24,Jaun.,322410
https://www.ss.com/msg/lv/real-estate/flats/jurmala/kauguri/fdfhb.html,https://i.ss.com/gallery/6/1167/291645/58328836.th2.jpg,"Pārdod vienistabas dzīvokli Jūrmalā, Kauguros, ļoti labā vie",KauguriSkolas 69,1,28,01/05/24,Hrušč.,26000
https://www.ss.com/msg/lv/real-estate/flats/jurmala/dzintari/kbjxl.html,https://i.ss.com/gallery/6/1156/288817/57763357.th2.jpg,"Pārdodu gaišu, saulainu dzīvokli 1.stāvā ar savu izeju uz pa",DzintariEdinburgas 45,3,50,01/02/24,P. kara,75000
https://www.ss.com/msg/lv/real-estate/flats/jurmala/kauguri/bbfxc.html,https://i.ss.com/gallery/6/1148/286833/57366534.th2.jpg,Dzīvesvieta lieliskā vietā ar sabiedrisko transportu un veik,KauguriTirzas 44,1,12,01/03/24,Specpr.,14000
https://www.ss.com/msg/lv/real-estate/flats/jurmala/kauguri/ecfob.html,https://i.ss.com/gallery/6/1152/287966/57593190.th2.jpg,"Mājīgs, gaišs un silts dzīvoklis blakus Kauguru parkam un ti",KauguriRūpniecības 15,2,55,05/05/24,103,49980
https://www.ss.com/msg/lv/real-estate/flats/jurmala/kauguri/ainlk.html,https://i.ss.com/gallery/6/1154/288363/57672479.th2.jpg,Собственник продает 4х комнатную квартиру в Каугури с хороши,KauguriСколас 27А,4,75,04/09/24,467,67900
https://www.ss.com/msg/lv/real-estate/flats/jurmala/bulduri/jbeio.html,https://i.ss.com/gallery/6/1102/275263/55052469.th2.jpg,"Уникальная квартира, расположена в секторе чатных домов в Бу",BulduriAizputes 18,3,93,03/03/24,Specpr.,330000
https://www.ss.com/msg/lv/real-estate/flats/jurmala/dzintari/dhhdf.html,https://i.ss.com/gallery/6/1083/270553/54110443.th2.jpg,"Pārdod iespēju dzīvot 100 m attālumā no jūras, vienā no skai",DzintariTuraidas 8k1,3,139,02/03/24,Jaun.,400000
https://www.ss.com/msg/lv/real-estate/flats/jurmala/asari/hmxhn.html,https://i.ss.com/gallery/6/1158/289296/57859040.th2.jpg,3 istabu dzīvoklis ar diviem balkoniem tikai 500m attālumā n,AsariAsaru pr. 53,3,96,02/04/24,Jaun.,215000
https://www.ss.com/msg/lv/real-estate/flats/jurmala/kauguri/gfhhk.html,https://i.ss.com/gallery/6/1158/289323/57864524.th2.jpg,"Pārdod 3-istabu dzīvokli Jūrmalā. 
Dzīvoklis bez remonta.",KauguriSkolas 63A,3,55,01/05/24,Specpr.,38000
https://www.ss.com/msg/lv/real-estate/flats/jurmala/bulduri/hmkjp.html,https://i.ss.com/gallery/6/1033/258207/51641328.th2.jpg,Продаем двухэтажную квартиру в Булдури - 5 минут пешком до м,BulduriVidus pr. 31,5,176,02/02/24,Jaun.,318000
https://www.ss.com/msg/lv/real-estate/flats/jurmala/dzintari/ixfbx.html,https://i.ss.com/gallery/5/971/242514/48502638.th2.jpg,"Villa Lido. 
Застройщик продает апартамент в проекте ""Вилла",DzintariTuraidas 8 3,2,68,01/02/24,Jaun.,275000
https://www.ss.com/msg/lv/real-estate/flats/jurmala/jaundubulti/pibch.html,https://i.ss.com/gallery/4/757/189090/37817985.th2.jpg,Застройщик продает квартиру с частично готовой отделкой в но,JaundubultiStrelnieku pr. 50,3,102,01/04/24,Specpr.,230000
https://www.ss.com/msg/lv/real-estate/flats/jurmala/dzintari/hgkjm.html,https://i.ss.com/gallery/6/1118/279353/55870448.th2.jpg,На продажу предлагается квартира в 200 метрах до моря в Дзин,DzintariDzintaru pr. 42,3,114,01/04/24,Jaun.,269000
https://www.ss.com/msg/lv/real-estate/flats/jurmala/melluzi/nkxmf.html,https://i.ss.com/gallery/6/1079/269669/53933766.th2.jpg,Piedāvājam iegādāties plašu divu līmeņu mēbelētu dzīvokli Jū,MellužiMellužu pr. 77,4,261,02/02/24,Renov.,330000
https://www.ss.com/msg/lv/real-estate/flats/jurmala/jaundubulti/becdxx.html,https://i.ss.com/gallery/6/1167/291521/58304130.th2.jpg,"Pārdod vienistabas dzīvokli Jaundubultos, beletāžā. Silts, g",JaundubultiSlokas 63,1,33,01/05/24,Specpr.,33500
https://www.ss.com/msg/lv/real-estate/flats/jurmala/dzintari/jbcoh.html,https://i.ss.com/gallery/6/1124/280890/56177975.th2.jpg,"Piedāvājam iegādei kompaktu 1 - istabu, plānojumā pārdomātu",DzintariOšu 2,1,17,02/02/24,Jaun.,49000
https://www.ss.com/msg/lv/real-estate/flats/jurmala/kauguri/cmnep.html,https://i.ss.com/gallery/6/1097/274145/54828973.th2.jpg,В продаже 4-х комнатная квартира в хорошем доме в центре Кау,KauguriTallinas 42,4,77,08/09/24,602,70000
https://www.ss.com/msg/lv/real-estate/flats/jurmala/asari/bfhgpj.html,https://i.ss.com/gallery/6/1100/274770/54953816.th2.jpg,Pilnībā jauns dzīvoklis 300m no pludmales dzīvojamajā komple,AsariAsaru pr. 57,2,69,01/04/24,Jaun.,169000
https://www.ss.com/msg/lv/real-estate/flats/jurmala/melluzi/nkxxi.html,https://i.ss.com/gallery/5/993/248152/49630375.th2.jpg,"Продается хорошая квартира в Юрмале, Меллужи. В квартире 3 э",MellužiMellužu pr. 66,5,210,01/03/24,Jaun.,360000
https://www.ss.com/msg/lv/real-estate/flats/jurmala/dzintari/bfegxb.html,https://i.ss.com/gallery/6/1124/280890/56177970.th2.jpg,"Unikāls dzīvoklis lieliskā vietā Dzintaros, upes krastā. 2-i",DzintariOšu 2,2,32,01/02/24,Jaun.,89000
https://www.ss.com/msg/lv/real-estate/flats/jurmala/dzintari/bckcgi.html,https://i.ss.com/gallery/6/1138/284402/56880298.th2.jpg,"Lielisks dzīvoklis lieliskā, mierīgā vietā. Pārdošanai 3- is",DzintariOšu 2,3,69,01/02/24,Jaun.,179000
https://www.ss.com/msg/lv/real-estate/flats/jurmala/dzintari/eofpx.html,https://i.ss.com/gallery/6/1124/280891/56178146.th2.jpg,"Piedāvājam iegādāties 2- istabu kompaktu, plānojumā pārdomāt",DzintariOšu 2,2,35,02/02/24,Jaun.,92000
https://www.ss.com/msg/lv/real-estate/flats/jurmala/dzintari/bedbxh.html,https://i.ss.com/gallery/6/1138/284400/56879890.th2.jpg,Pārdošanai kompakts 1 - istabu plānojumā pārdomātu dzīvokli,DzintariOšu 2,1,17,01/02/24,Specpr.,53000
https://www.ss.com/msg/lv/real-estate/flats/jurmala/melluzi/gibed.html,https://i.ss.com/gallery/6/1079/269668/53933585.th2.jpg,"Tiek pārdots brīnišķīgs dzīvoklis Jūrmalā, jūras pusē. Dzī",MellužiMellužu pr. 77,3,128,01/03/24,Renov.,235000
https://www.ss.com/msg/lv/real-estate/flats/jurmala/asari/jdlbi.html,https://i.ss.com/gallery/6/1129/282117/56423309.th2.jpg,Jauns dzīvoklis 500m no pludmales dzīvojamajā kompleksā Sky,AsariAsaru pr. 57,3,82,02/05/24,Jaun.,225000
https://www.ss.com/msg/lv/real-estate/flats/jurmala/kauguri/ixigm.html,https://i.ss.com/gallery/5/972/242777/48555258.th2.jpg,Īpašnieks pārdod gaišu un saulainu 2 istabu dzīvokli ar lodž,KauguriArtilērijas 9,2,53,04/05/24,103,53000
https://www.ss.com/msg/lv/real-estate/flats/jurmala/kauguri/eknpi.html,https://i.ss.com/gallery/6/1129/282111/56422084.th2.jpg,"Продаем красивую квартиру с хорошим дорогим ремонтом. Ремо",KauguriТербатас 46,3,64,06/09/24,602,78000
https://www.ss.com/msg/lv/real-estate/flats/jurmala/bulduri/moknc.html,https://i.ss.com/gallery/6/1097/274246/54849176.th2.jpg,"Pārdod Divstāvu 3-istabu dzīvokli Jūrmalā.  Dzīvoklis Ir N",BulduriBulduru pr. 9 Lit. 2,3,65,01/02/24,Specpr.,89000
https://www.ss.com/msg/lv/real-estate/flats/jurmala/dzintari/fhcfg.html,https://i.ss.com/gallery/6/1106/276363/55272503.th2.jpg,Pārdod 2-istabu dzīvokli Jūrmalā starp Majoriem un Dzintarie,DzintariPlūdu 4,2,38,04/05/24,Renov.,48000
https://www.ss.com/msg/lv/real-estate/flats/jurmala/dzintari/jbxhn.html,https://i.ss.com/gallery/6/1097/274031/54806112.th2.jpg,"Jauns elitārs projekts jūras pusē, Dzintaros. Četrstāvu ēkā",DzintariDzintaru pr. 23,3,150,02/03/24,Jaun.,480000
https://www.ss.com/msg/lv/real-estate/flats/jurmala/dzintari/bmgll.html,https://i.ss.com/gallery/5/1000/249911/49982140.th2.jpg,Lat. Rus. Attīstītājs piedāvā augstvērtīga dizaina apartamen,DzintariMežaparka pr. 10,2,112,02/03/24,Jaun.,267000
https://www.ss.com/msg/lv/real-estate/flats/jurmala/lielupe/olpel.html,https://i.ss.com/gallery/6/1085/271063/54212549.th2.jpg,"Pardošanai tiek piedāvāts dzīvoklis jaunajā projektā ""Loft"",",LielupeTērvetes 6,3,95,02/04/24,Jaun.,230000
https://www.ss.com/msg/lv/real-estate/flats/jurmala/majori/pcdxd.html,https://i.ss.com/gallery/6/1100/274915/54982847.th2.jpg,Предлагается на продажу квартира комплексе Мариенбад в центр,MajoriĒrgļu 4,3,124,03/08/24,Jaun.,425000
https://www.ss.com/msg/lv/real-estate/flats/jurmala/bulduri/bmbie.html,https://i.ss.com/gallery/5/965/241110/48221817.th2.jpg,"Pārdod 4-ist. dzīvokli Bulduros, Bulduru prospektā 33, pie B",BulduriBulduru pr. 33,4,199,02/04/24,Jaun.,487000
https://www.ss.com/msg/lv/real-estate/flats/jurmala/dzintari/ncehg.html,https://i.ss.com/gallery/5/844/210964/42192680.th2.jpg,Pārdošanai tiek piedāvāts lielisks dzīvoklis (apartamenti) D,DzintariRīgas 46,3,62,01/03/24,Jaun.,210000
https://www.ss.com/msg/lv/real-estate/flats/jurmala/lielupe/fblxf.html,https://i.ss.com/gallery/6/1113/278015/55602843.th2.jpg,"Квартира в Лиелупе, в проекте Rivera. Расположена в 10 мин",LielupeTiklu 11,2,48,03/04/24,Jaun.,165000
https://www.ss.com/msg/lv/real-estate/flats/jurmala/bulduri/amfop.html,https://i.ss.com/gallery/6/1165/291177/58235311.th2.jpg,"LatPārdod lielisku dzīvokli 200 metrus no jūras ar lielu t",BulduriMeža pr. 12,3,97,01/04/24,Jaun.,390000
https://www.ss.com/msg/lv/real-estate/flats/jurmala/dzintari/ixxhj.html,https://i.ss.com/gallery/6/1149/287249/57449701.th2.jpg,"Pārdod mēbelētu dzīvokli rindumājā; pagalma mājas sekcija, d",DzintariĶemeru 60,3,70,02/02/24,Specpr.,165000
https://www.ss.com/msg/lv/real-estate/flats/jurmala/dzintari/bdnpdg.html,https://i.ss.com/gallery/5/937/234039/46807775.th2.jpg,Unikāla iespēja iegūt savā īpašumā 4x istabu dzīvokli netali,DzintariEdinburgas Prospekts 7,4,105,01/02/24,Priv. m.,170000
https://www.ss.com/msg/lv/real-estate/flats/jurmala/sloka/aineg.html,https://i.ss.com/gallery/6/1125/281068/56213422.th2.jpg,"Pārdod 2 istabas dzīvokli ar mājīgu izkārtojumu. Dzīvoklis",SlokaDzirnavu 39,2,37,04/05/24,Hrušč.,26000
https://www.ss.com/msg/lv/real-estate/flats/jurmala/kauguri/bmjgo.html,https://i.ss.com/gallery/6/1103/275650/55129842.th2.jpg,"Pārdod 3-istabu dzīvokli Jūrmalā. Dzīvoklis ir labā stāvok",KauguriRaiņa 87,3,79,04/05/24,103,72000
https://www.ss.com/msg/lv/real-estate/flats/jurmala/kauguri/gxepo.html,https://i.ss.com/gallery/6/1109/277034/55406653.th2.jpg,"Pārdod 3-istabu dzīvokli Jūrmalā. Dzīvoklis ir labā stāvok",KauguriLauku 35,3,65,04/09/24,602,55000
https://www.ss.com/msg/lv/real-estate/flats/jurmala/kauguri/ajkkl.html,https://i.ss.com/gallery/6/1116/278877/55775268.th2.jpg,"В продаже 2-х комнатная квартира с уютной планировкой. Ква",KauguriSkolas 25,2,51,01/09/24,602,53000
https://www.ss.com/msg/lv/real-estate/flats/jurmala/bulduri/apdhn.html,https://i.ss.com/gallery/6/1165/291110/58221981.th2.jpg,"Pastaigas attālumā no jūras un prom no trokšņainiem ceļiem,",BulduriKuldigas 9,3,82,02/04/24,Jaun.,199700
https://www.ss.com/msg/lv/real-estate/flats/jurmala/dzintari/gdnob.html,https://i.ss.com/gallery/6/1108/276870/55373989.th2.jpg,"До моря 151 метров. Продаю красивую, светлую, 4 комнатную кв",DzintariDzintaru pr. 36,4,156,02/03/24,Jaun.,620001
https://www.ss.com/msg/lv/real-estate/flats/jurmala/melluzi/aaadj.html,https://i.ss.com/gallery/6/1129/282107/56421290.th2.jpg,Продаётся (или меняется на другую недвижимость) меблированна,MellužiMelluzu prospects 77,5,293,02/03/24,Jaun.,375000
https://www.ss.com/msg/lv/real-estate/flats/jurmala/majori/hogcg.html,https://i.ss.com/gallery/6/1080/269942/53988352.th2.jpg,"Предлагается на продажу квартира в центре Юрмалы-Майори. К",MajoriĒrgļu 4,2,102,03/11/24,Jaun.,300000
https://www.ss.com/msg/lv/real-estate/flats/jurmala/kauguri/eiijd.html,https://i.ss.com/gallery/6/1165/291065/58212945.th2.jpg,"Продаю 2-ух комн. квартиру в Юрмале, Каугури. Земля под домо",KauguriTalsu šosseja 31 k5,2,43,04/05/24,Hrušč.,47000
https://www.ss.com/msg/lv/real-estate/flats/jurmala/dzintari/fpced.html,https://i.ss.com/gallery/6/1122/280423/56084409.th2.jpg,"Pārdod gaišu 2 izolētu istabu dzīvokli:- ar lodžiju, labā",DzintariJāņa Pliekšāna 98,2,54,05/05/24,103,74600
https://www.ss.com/msg/lv/real-estate/flats/jurmala/dzintari/bdnpnh.html,https://i.ss.com/gallery/5/949/237198/47439457.th2.jpg,"Pārdod ēkas visu pirmo stāvu (1/2 no mājas un zemes), divi 3",DzintariPromenādes 19,6,122,01/02/24,Renov.,85190
https://www.ss.com/msg/lv/real-estate/flats/jurmala/dzintari/dkcbd.html,https://i.ss.com/gallery/6/1097/274192/54838223.th2.jpg,Предлагаем приобрести квартиру в проекте Sun Terraces в Дзин,DzintariDzintaru pr. 36,4,156,02/03/24,Jaun.,620000
https://www.ss.com/msg/lv/real-estate/flats/jurmala/kauguri/dnocg.html,https://i.ss.com/gallery/6/1135/283584/56716775.th2.jpg,"Pārdodu divistabu dzīvokli blakus tirgum. Dzīvoklis plašs,",KauguriNometņu 7,2,54,03/05/24,103,45000
https://www.ss.com/msg/lv/real-estate/flats/jurmala/dzintari/mnlhd.html,https://i.ss.com/gallery/6/1112/277963/55592551.th2.jpg,"Pārdod mēbelētu, atbrīvotu 3 istabu dzīvokli (penthouse) ar",DzintariTuraidas 110,3,107,04/04/24,Jaun.,175000
https://www.ss.com/msg/lv/real-estate/flats/jurmala/kauguri/cxdnm.html,https://i.ss.com/gallery/6/1095/273534/54706688.th2.jpg,Lieliskās infrastruktūras vietā tiek pārdots 1-istabas dzīvo,KauguriTallinas 9,1,39,05/05/24,M. ģim.,27500
https://www.ss.com/msg/lv/real-estate/flats/jurmala/bulduri/coxbp.html,https://i.ss.com/gallery/6/1124/280755/56150964.th2.jpg,Jūrmalā Bulduros nelielā jaunā projekta kompleksā ir pieejam,BulduriVienības pr. 20,2,87,03/03/24,Jaun.,236000
https://www.ss.com/msg/lv/real-estate/flats/jurmala/kauguri/bbejf.html,https://i.ss.com/gallery/6/1095/273542/54708387.th2.jpg,Lieliskās infrastruktūras vietā tiek pārdots 2-istabu dzīvok,KauguriSkolas 32A,2,54,03/05/24,103,42500
https://www.ss.com/msg/lv/real-estate/flats/jurmala/kauguri/djgxf.html,https://i.ss.com/gallery/5/962/240283/48056429.th2.jpg,Продается 2-х комнатная квартира на четвертом этаже - сделан,KauguriТалсу шоссе 31,2,42,04/05/24,Hrušč.,55000
https://www.ss.com/msg/lv/real-estate/flats/jurmala/kemeri/nbcmf.html,https://i.ss.com/gallery/6/1054/263405/52680879.th2.jpg,Продается 2-х комнатная квартира в 3-х квартирном доме на пе,ĶemeriДурбес 7,2,50,01/01/24,P. kara,24000
https://www.ss.com/msg/lv/real-estate/flats/jurmala/lielupe/dnfnk.html,https://i.ss.com/gallery/6/1144/285778/57155583.th2.jpg,"Продается 3-комнатная квартира на первом этаже - 2 спальни,",LielupeОскара Калпака 8,3,100,01/03/24,Jaun.,329000
https://www.ss.com/msg/lv/real-estate/flats/jurmala/kauguri/gcigg.html,https://i.ss.com/gallery/6/1136/283825/56764805.th2.jpg,"Продается не большая 2-х комнатная квартира на первом этаже,",KauguriСколас 65,2,35,01/05/24,LT proj.,33900
https://www.ss.com/msg/lv/real-estate/flats/jurmala/dzintari/bckchl.html,https://i.ss.com/gallery/6/1153/288002/57600396.th2.jpg,200 шагов до моря и 5 минут до к/з Дзинтари. Мебелированная,DzintariDzintaru pr. 28,3,119,03/04/24,Jaun.,649999
https://www.ss.com/msg/lv/real-estate/flats/jurmala/dzintari/bdpjel.html,https://i.ss.com/gallery/6/1055/263660/52731932.th2.jpg,6-комнатная квартира с просторной террасой в 200 шагах от мо,DzintariDzintaru pr. 28,6,261,01/04/24,Jaun.,779000
https://www.ss.com/msg/lv/real-estate/flats/jurmala/bulduri/gipfd.html,https://i.ss.com/gallery/6/1124/280755/56150885.th2.jpg,Jūrmalā Bulduros nelielā jaunā projekta kompleksā ir pieejam,BulduriVienības pr. 20,2,54,03/03/24,Jaun.,159000
https://www.ss.com/msg/lv/real-estate/flats/jurmala/pumpuri/bdlcek.html,https://i.ss.com/gallery/6/1126/281301/56260006.th2.jpg,Продается 4-комнатная квартира c полной отделкой в Юрмале вс,PumpuriGaujas 4,4,139,02/04/24,Jaun.,408600
https://www.ss.com/msg/lv/real-estate/flats/jurmala/kemeri/bfkomh.html,https://i.ss.com/gallery/6/1042/260397/52079250.th2.jpg,"Pārdodam renovētu dzīvokli (54, 4m2) Ķemeros blakus jaunajai",ĶemeriTirgus 2,2,54,01/02/24,P. kara,35000
https://www.ss.com/msg/lv/real-estate/flats/jurmala/kemeri/kdlnx.html,https://i.ss.com/gallery/6/1111/277702/55540346.th2.jpg,"Pārdod divistabu dzīvokli jaunā, renovētā ēkā Jūrmalā , Ķeme",ĶemeriTukuma 14a,2,45,03/03/24,Specpr.,68000